study_id,schema_version,experiment,tier,family,model,checkpoint,status,frames,gt_instances,mask_map50_95,ap50,ap75,precision,recall,f1,tp,fp,fn,tp_iou_mean,tp_dice_mean,ignored_predictions,inference_ms_mean,pipeline_ms_mean,fps,peak_allocated_vram_mib,parameters,gflops,checkpoint_mb,ap_maxdet,fixed_confidence,ap_confidence_floor,nms_iou,evaluation_iou,imgsz,precision_mode,device,run_id,source_artifact
yolo_instance_segmentation_mots20_scaling,1.0,YOLO_Large_Seg_MOTS20_Benchmark,largest,YOLO26,YOLO26x-Seg,yolo26x-seg.pt,PASS_WITH_WARNINGS,2862,26894,0.6037298757352638,0.9036869055768179,0.6644261043391709,0.9460077309946382,0.8462854168215959,0.8933723235138264,22760,1299,4134,0.8288725823581055,0.9029185308385722,5131,72.45824582952385,109.63863453788993,9.120872438943143,952.18408203125,70693800,338.2033408,142.129861,200,0.25,0.001,0.7,0.5,640,FP32,CUDA:0,benchmark-20260929T0520Z,metrics/benchmark-20260929T0520Z/per_model.csv;timing/benchmark-20260929T0520Z/clean_repetition/summary.csv;reports/benchmark-20260929T0520Z/frozen_inputs/manifests/checkpoint_manifest.json
yolo_instance_segmentation_mots20_scaling,1.0,YOLO_Large_Seg_MOTS20_Benchmark,largest,YOLO11,YOLO11x-Seg,yolo11x-seg.pt,PASS_WITH_WARNINGS,2862,26894,0.5366738467470231,0.8758063224736697,0.5758446672083074,0.9387018720550155,0.8222280062467465,0.8766129511803532,22113,1444,4781,0.8013854253755417,0.8860461340193582,3819,69.40603260455343,105.8851853183781,9.444191810149608,942.47802734375,62142656,297.8924032,125.090821,200,0.25,0.001,0.7,0.5,640,FP32,CUDA:0,benchmark-20260929T0520Z,metrics/benchmark-20260929T0520Z/per_model.csv;timing/benchmark-20260929T0520Z/clean_repetition/summary.csv;reports/benchmark-20260929T0520Z/frozen_inputs/manifests/checkpoint_manifest.json
yolo_instance_segmentation_mots20_scaling,1.0,YOLO_Large_Seg_MOTS20_Benchmark,largest,YOLOv9,YOLOv9e-Seg,yolov9e-seg.pt,PASS_WITH_WARNINGS,2862,26894,0.5366419441506356,0.8820368560899167,0.5720999620827557,0.9342298802269384,0.8265784189782107,0.8771133776559017,22230,1565,4664,0.7992977204316506,0.8846047731746899,4479,65.8879176088764,103.37558938772418,9.67346358964266,855.4072265625,60512800,238.3325696,122.212466,200,0.25,0.001,0.7,0.5,640,FP32,CUDA:0,benchmark-20260929T0520Z,metrics/benchmark-20260929T0520Z/per_model.csv;timing/benchmark-20260929T0520Z/clean_repetition/summary.csv;reports/benchmark-20260929T0520Z/frozen_inputs/manifests/checkpoint_manifest.json
yolo_instance_segmentation_mots20_scaling,1.0,YOLO_Large_Seg_MOTS20_Benchmark,largest,YOLOv8,YOLOv8x-Seg,yolov8x-seg.pt,PASS_WITH_WARNINGS,2862,26894,0.5247580626734066,0.8664019816376334,0.5604524271949338,0.9215975086272199,0.8142708410797947,0.8646162349968415,21899,1863,4995,0.7981363136699888,0.8838414214673144,4071,67.84281638412115,109.4412234685539,9.137324751192436,1001.13330078125,71827888,329.1888128,144.101612,200,0.25,0.001,0.7,0.5,640,FP32,CUDA:0,benchmark-20260929T0520Z,metrics/benchmark-20260929T0520Z/per_model.csv;timing/benchmark-20260929T0520Z/clean_repetition/summary.csv;reports/benchmark-20260929T0520Z/frozen_inputs/manifests/checkpoint_manifest.json
yolo_instance_segmentation_mots20_scaling,1.0,YOLO_Second_Largest_Seg_MOTS20_Benchmark,second_largest,YOLO26,YOLO26l-Seg,yolo26l-seg.pt,PASS_WITH_WARNINGS,2862,26894,0.5862366580892475,0.889889991218281,0.6435370937329495,0.9357017763322492,0.8343868520859671,0.8821448227061875,22440,1542,4454,0.8253403530644059,0.9007136074953418,4291,36.26607983993987,76.40285129503657,13.088516764098356,777.52001953125,31515528,151.3039872,63.700037,200,0.25,0.001,0.7,0.5,640,FP32,CUDA:0,benchmark-20261001T0352Z,metrics/benchmark-20261001T0352Z/per_model.csv;timing/benchmark-20261001T0352Z/clean_repetition/summary.csv;reports/benchmark-20261001T0352Z/frozen_inputs/manifests/checkpoint_manifest.json
yolo_instance_segmentation_mots20_scaling,1.0,YOLO_Second_Largest_Seg_MOTS20_Benchmark,second_largest,YOLO11,YOLO11l-Seg,yolo11l-seg.pt,PASS_WITH_WARNINGS,2862,26894,0.5282280924728132,0.867131944606602,0.5657284944123087,0.9315994353424306,0.8097716962891351,0.8664239820174653,21778,1599,5116,0.8012327233516565,0.8858222772307476,3339,35.38676935752543,76.81036997858125,13.01907542274373,794.47265625,27678368,133.1761664,56.096965,200,0.25,0.001,0.7,0.5,640,FP32,CUDA:0,benchmark-20261001T0352Z,metrics/benchmark-20261001T0352Z/per_model.csv;timing/benchmark-20261001T0352Z/clean_repetition/summary.csv;reports/benchmark-20261001T0352Z/frozen_inputs/manifests/checkpoint_manifest.json
yolo_instance_segmentation_mots20_scaling,1.0,YOLO_Second_Largest_Seg_MOTS20_Benchmark,second_largest,YOLOv9,YOLOv9c-Seg,yolov9c-seg.pt,PASS_WITH_WARNINGS,2862,26894,0.5176464087892373,0.85541398841877,0.5591798822616316,0.9187763264264136,0.8029300215661486,0.8569557711768557,21594,1909,5300,0.7982884581301194,0.8838404608557726,3690,35.292866125625245,76.92052417007896,13.000431429573986,838.4853515625,27897120,149.3395968,56.470235,200,0.25,0.001,0.7,0.5,640,FP32,CUDA:0,benchmark-20261001T0352Z,metrics/benchmark-20261001T0352Z/per_model.csv;timing/benchmark-20261001T0352Z/clean_repetition/summary.csv;reports/benchmark-20261001T0352Z/frozen_inputs/manifests/checkpoint_manifest.json
yolo_instance_segmentation_mots20_scaling,1.0,YOLO_Second_Largest_Seg_MOTS20_Benchmark,second_largest,YOLOv8,YOLOv8l-Seg,yolov8l-seg.pt,PASS_WITH_WARNINGS,2862,26894,0.5201446012109309,0.8599775759372985,0.5581492684388618,0.9094251336898396,0.8093998661411467,0.8565020657092268,21768,2168,5126,0.797580894492181,0.8834097417112435,4251,40.08965912469042,83.55832827626728,11.967687968741062,855.2744140625,45997728,211.0597632,92.417004,200,0.25,0.001,0.7,0.5,640,FP32,CUDA:0,benchmark-20261001T0352Z,metrics/benchmark-20261001T0352Z/per_model.csv;timing/benchmark-20261001T0352Z/clean_repetition/summary.csv;reports/benchmark-20261001T0352Z/frozen_inputs/manifests/checkpoint_manifest.json
yolo_instance_segmentation_mots20_scaling,1.0,YOLO_Medium_Seg_MOTS20_Benchmark,medium,YOLO26,YOLO26m-Seg,yolo26m-seg.pt,PASS_WITH_WARNINGS,2862,26894,0.5742218072723807,0.873521636178406,0.62903846570279,0.9183314486744566,0.8153119654941623,0.8637608083354671,21927,1950,4967,0.82530900270754,0.9006550493462532,3890,32.043173607283585,77.30939841169554,12.935037919642093,912.16162109375,27112072,132.7808512,54.750385,200,0.25,0.001,0.7,0.5,640,FP32,CUDA:0,benchmark-20261002T075505Z,metrics/benchmark-20261002T075505Z/per_model.csv;timing/benchmark-20261002T075505Z/clean_repetition/summary.csv;manifests/checkpoint_manifest.json
yolo_instance_segmentation_mots20_scaling,1.0,YOLO_Medium_Seg_MOTS20_Benchmark,medium,YOLO11,YOLO11m-Seg,yolo11m-seg.pt,PASS_WITH_WARNINGS,2862,26894,0.5183068044898015,0.8552371459363141,0.5572051330954575,0.9143544913214241,0.8050494534096825,0.8562276313447887,21651,2028,5243,0.7994018395713034,0.8846469853823296,3535,30.573980881211657,76.97128645920505,12.991857691374332,889.384765625,22420896,113.9681792,45.400152,200,0.25,0.001,0.7,0.5,640,FP32,CUDA:0,benchmark-20261002T075505Z,metrics/benchmark-20261002T075505Z/per_model.csv;timing/benchmark-20261002T075505Z/clean_repetition/summary.csv;manifests/checkpoint_manifest.json
yolo_instance_segmentation_mots20_scaling,1.0,YOLO_Medium_Seg_MOTS20_Benchmark,medium,YOLOv8,YOLOv8m-Seg,yolov8m-seg.pt,PASS_WITH_WARNINGS,2862,26894,0.5069711513246001,0.8437322845971498,0.5421314208904946,0.8954034557960073,0.7938573659552316,0.8415783042295715,21350,2494,5544,0.7971280842390754,0.8830763522517604,3876,27.231897604263697,78.11159594760586,12.80219649680132,1018.76171875,27285968,104.9772544,54.92102,200,0.25,0.001,0.7,0.5,640,FP32,CUDA:0,benchmark-20261002T075505Z,metrics/benchmark-20261002T075505Z/per_model.csv;timing/benchmark-20261002T075505Z/clean_repetition/summary.csv;manifests/checkpoint_manifest.json
yolo_instance_segmentation_mots20_scaling,1.0,YOLO_Small_Seg_MOTS20_Benchmark,small,YOLO26,YOLO26s-Seg,yolo26s-seg.pt,PASS_WITH_WARNINGS,2862,26894,0.5366399393629823,0.8379799950681763,0.5867955790478256,0.8908419683685027,0.789581319253365,0.837160710413751,21235,2602,5659,0.8163468342058064,0.8949699397966373,3825,17.308160424387705,78.8279549816313,12.685854913184324,872.671875,11505800,37.6619008,23.467933,200,0.25,0.001,0.7,0.5,640,FP32,CUDA:0,benchmark-20261005T051531Z,metrics/benchmark-20261005T051531Z/per_model.csv;timing/benchmark-20261005T051531Z/clean_repetition/summary.csv;manifests/checkpoint_manifest.json
yolo_instance_segmentation_mots20_scaling,1.0,YOLO_Small_Seg_MOTS20_Benchmark,small,YOLO11,YOLO11s-Seg,yolo11s-seg.pt,PASS_WITH_WARNINGS,2862,26894,0.48326878058552125,0.8174290444935518,0.5138229623115437,0.8682665089357388,0.7641481371309585,0.8128868935783082,20551,3118,6343,0.7930109346818307,0.880512499136178,3202,15.69301294706141,88.83594810574625,11.256704310845489,1007.49609375,10113248,33.3635072,20.669228,200,0.25,0.001,0.7,0.5,640,FP32,CUDA:0,benchmark-20261005T051531Z,metrics/benchmark-20261005T051531Z/per_model.csv;timing/benchmark-20261005T051531Z/clean_repetition/summary.csv;manifests/checkpoint_manifest.json
yolo_instance_segmentation_mots20_scaling,1.0,YOLO_Small_Seg_MOTS20_Benchmark,small,YOLOv8,YOLOv8s-Seg,yolov8s-seg.pt,PASS_WITH_WARNINGS,2862,26894,0.48276342542590744,0.8170236987245912,0.5064107384818828,0.8670223940170582,0.76730869338886,0.8141236808363744,20636,3165,6258,0.7924183296352749,0.8800198641525118,3346,15.220344315748662,92.17317551840097,10.84914341266636,1139.009765625,11821056,40.3390976,23.914764,200,0.25,0.001,0.7,0.5,640,FP32,CUDA:0,benchmark-20261005T051531Z,metrics/benchmark-20261005T051531Z/per_model.csv;timing/benchmark-20261005T051531Z/clean_repetition/summary.csv;manifests/checkpoint_manifest.json
yolo_instance_segmentation_mots20_scaling,1.0,YOLO_Nano_Seg_MOTS20_Benchmark,nano,YOLO26,YOLO26n-Seg,yolo26n-seg.pt,PASS_WITH_WARNINGS,2862,26894,0.47269783674692284,0.7743672327107773,0.5067662348681301,0.9018497730489531,0.6870677474529635,0.7799421733533124,18478,2011,8416,0.8103275874598479,0.891429091128523,2096,13.042352374177426,82.39024182548746,12.137359690218187,1043.1328125,3126280,10.6303744,6.719965,200,0.25,0.001,0.7,0.5,640,FP32,CUDA:0,benchmark-20261005T083307Z,metrics/benchmark-20261005T083307Z/per_model.csv;timing/benchmark-20261005T083307Z/clean_repetition/summary.csv;manifests/checkpoint_manifest.json
yolo_instance_segmentation_mots20_scaling,1.0,YOLO_Nano_Seg_MOTS20_Benchmark,nano,YOLO11,YOLO11n-Seg,yolo11n-seg.pt,PASS_WITH_WARNINGS,2862,26894,0.4319294631557555,0.7577319139627919,0.4508256007370383,0.8665706854913617,0.6937978731315535,0.7706190889191756,18659,2873,8235,0.7854216248575432,0.8756057914233715,1685,11.745314888345698,97.44068898571034,10.262653214065942,1030.0,2876848,9.9593344,6.182636,200,0.25,0.001,0.7,0.5,640,FP32,CUDA:0,benchmark-20261005T083307Z,metrics/benchmark-20261005T083307Z/per_model.csv;timing/benchmark-20261005T083307Z/clean_repetition/summary.csv;manifests/checkpoint_manifest.json
yolo_instance_segmentation_mots20_scaling,1.0,YOLO_Nano_Seg_MOTS20_Benchmark,nano,YOLOv8,YOLOv8n-Seg,yolov8n-seg.pt,PASS_WITH_WARNINGS,2862,26894,0.42306210012717366,0.7500241314296752,0.4391153068545511,0.8264109347442681,0.696921246374656,0.7561625045386695,18743,3937,8151,0.7813245638120084,0.8728244003333352,2448,9.045145171694458,95.68253288666408,10.451228346813306,1117.08544921875,3409968,12.1411072,7.071756,200,0.25,0.001,0.7,0.5,640,FP32,CUDA:0,benchmark-20261005T083307Z,metrics/benchmark-20261005T083307Z/per_model.csv;timing/benchmark-20261005T083307Z/clean_repetition/summary.csv;manifests/checkpoint_manifest.json
