study_id,schema_version,experiment,tier,family,model,loaded_parameters,fused_parameters,gflops,checkpoint_mb,model_load_seconds
yolo_instance_segmentation_mots20_scaling,1.0,YOLO_Large_Seg_MOTS20_Benchmark,largest,YOLO26,YOLO26x-Seg,70693800,62819132,338.2033408,142.129861,0.8367087880227094
yolo_instance_segmentation_mots20_scaling,1.0,YOLO_Large_Seg_MOTS20_Benchmark,largest,YOLO11,YOLO11x-Seg,62142656,62094528,297.8924032,125.090821,1.1474306492988642
yolo_instance_segmentation_mots20_scaling,1.0,YOLO_Large_Seg_MOTS20_Benchmark,largest,YOLOv9,YOLOv9e-Seg,60512800,59743360,238.3325696,122.212466,1.0485705396470923
yolo_instance_segmentation_mots20_scaling,1.0,YOLO_Large_Seg_MOTS20_Benchmark,largest,YOLOv8,YOLOv8x-Seg,71827888,71797696,329.1888128,144.101612,0.5170126649706314
yolo_instance_segmentation_mots20_scaling,1.0,YOLO_Second_Largest_Seg_MOTS20_Benchmark,second_largest,YOLO26,YOLO26l-Seg,31515528,27965436,151.3039872,63.700037,0.7015350523482388
yolo_instance_segmentation_mots20_scaling,1.0,YOLO_Second_Largest_Seg_MOTS20_Benchmark,second_largest,YOLO11,YOLO11l-Seg,27678368,27646272,133.1761664,56.096965,0.4935108810119952
yolo_instance_segmentation_mots20_scaling,1.0,YOLO_Second_Largest_Seg_MOTS20_Benchmark,second_largest,YOLOv9,YOLOv9c-Seg,27897120,27686208,149.3395968,56.470235,0.45384069664093357
yolo_instance_segmentation_mots20_scaling,1.0,YOLO_Second_Largest_Seg_MOTS20_Benchmark,second_largest,YOLOv8,YOLOv8l-Seg,45997728,45973568,211.0597632,92.417004,0.4400093236860509
yolo_instance_segmentation_mots20_scaling,1.0,YOLO_Medium_Seg_MOTS20_Benchmark,medium,YOLO26,YOLO26m-Seg,27112072,23569148,132.7808512,54.750385,0.7580660926566148
yolo_instance_segmentation_mots20_scaling,1.0,YOLO_Medium_Seg_MOTS20_Benchmark,medium,YOLO11,YOLO11m-Seg,22420896,22396992,113.9681792,45.400152,0.495514157655028
yolo_instance_segmentation_mots20_scaling,1.0,YOLO_Medium_Seg_MOTS20_Benchmark,medium,YOLOv8,YOLOv8m-Seg,27285968,27268704,104.9772544,54.92102,0.48621684999670833
yolo_instance_segmentation_mots20_scaling,1.0,YOLO_Small_Seg_MOTS20_Benchmark,small,YOLO26,YOLO26s-Seg,11505800,10396300,37.6619008,23.467933,0.301442446342359
yolo_instance_segmentation_mots20_scaling,1.0,YOLO_Small_Seg_MOTS20_Benchmark,small,YOLO11,YOLO11s-Seg,10113248,10097776,33.3635072,20.669228,0.2052243276654432
yolo_instance_segmentation_mots20_scaling,1.0,YOLO_Small_Seg_MOTS20_Benchmark,small,YOLOv8,YOLOv8s-Seg,11821056,11810560,40.3390976,23.914764,0.2143152627783517
yolo_instance_segmentation_mots20_scaling,1.0,YOLO_Nano_Seg_MOTS20_Benchmark,nano,YOLO26,YOLO26n-Seg,3126280,2722980,10.6303744,6.719965,0.2721462822519243
yolo_instance_segmentation_mots20_scaling,1.0,YOLO_Nano_Seg_MOTS20_Benchmark,nano,YOLO11,YOLO11n-Seg,2876848,2868664,9.9593344,6.182636,0.24954515998251736
yolo_instance_segmentation_mots20_scaling,1.0,YOLO_Nano_Seg_MOTS20_Benchmark,nano,YOLOv8,YOLOv8n-Seg,3409968,3404320,12.1411072,7.071756,0.16863463368887702
