tier,family,model,checkpoint,mask_map50_95,ap75,recall,inference_ms_mean,pipeline_ms_mean,fps,peak_allocated_vram_mib,parameters,checkpoint_mb
largest,YOLO26,YOLO26x-Seg,yolo26x-seg.pt,0.6037298757352638,0.6644261043391709,0.8462854168215959,72.45824582952385,109.63863453788993,9.120872438943143,952.18408203125,70693800,142.129861
second_largest,YOLO26,YOLO26l-Seg,yolo26l-seg.pt,0.5862366580892475,0.6435370937329495,0.8343868520859671,36.26607983993987,76.40285129503657,13.088516764098356,777.52001953125,31515528,63.700037
medium,YOLO26,YOLO26m-Seg,yolo26m-seg.pt,0.5742218072723807,0.62903846570279,0.8153119654941623,32.043173607283585,77.30939841169554,12.935037919642093,912.16162109375,27112072,54.750385
small,YOLO26,YOLO26s-Seg,yolo26s-seg.pt,0.5366399393629823,0.5867955790478256,0.789581319253365,17.308160424387705,78.8279549816313,12.685854913184324,872.671875,11505800,23.467933
small,YOLO11,YOLO11s-Seg,yolo11s-seg.pt,0.48326878058552125,0.5138229623115437,0.7641481371309585,15.69301294706141,88.83594810574625,11.256704310845489,1007.49609375,10113248,20.669228
small,YOLOv8,YOLOv8s-Seg,yolov8s-seg.pt,0.48276342542590744,0.5064107384818828,0.76730869338886,15.220344315748662,92.17317551840097,10.84914341266636,1139.009765625,11821056,23.914764
nano,YOLO26,YOLO26n-Seg,yolo26n-seg.pt,0.47269783674692284,0.5067662348681301,0.6870677474529635,13.042352374177426,82.39024182548746,12.137359690218187,1043.1328125,3126280,6.719965
nano,YOLO11,YOLO11n-Seg,yolo11n-seg.pt,0.4319294631557555,0.4508256007370383,0.6937978731315535,11.745314888345698,97.44068898571034,10.262653214065942,1030.0,2876848,6.182636
nano,YOLOv8,YOLOv8n-Seg,yolov8n-seg.pt,0.42306210012717366,0.4391153068545511,0.696921246374656,9.045145171694458,95.68253288666408,10.451228346813306,1117.08544921875,3409968,7.071756
