model,tier,family,mask_map50_95,pipeline_ms_mean,fps,inference_ms_mean,peak_allocated_vram_mib,is_pareto
YOLO26x-Seg,largest,YOLO26,0.6037298757352638,109.63863453788993,9.120872438943143,72.45824582952385,952.18408203125,True
YOLO11x-Seg,largest,YOLO11,0.5366738467470231,105.8851853183781,9.444191810149608,69.40603260455343,942.47802734375,False
YOLOv9e-Seg,largest,YOLOv9,0.5366419441506356,103.37558938772418,9.67346358964266,65.8879176088764,855.4072265625,False
YOLOv8x-Seg,largest,YOLOv8,0.5247580626734066,109.4412234685539,9.137324751192436,67.84281638412115,1001.13330078125,False
YOLO26l-Seg,second_largest,YOLO26,0.5862366580892475,76.40285129503657,13.088516764098356,36.26607983993987,777.52001953125,True
YOLO11l-Seg,second_largest,YOLO11,0.5282280924728132,76.81036997858125,13.01907542274373,35.38676935752543,794.47265625,False
YOLOv9c-Seg,second_largest,YOLOv9,0.5176464087892373,76.92052417007896,13.000431429573986,35.292866125625245,838.4853515625,False
YOLOv8l-Seg,second_largest,YOLOv8,0.5201446012109309,83.55832827626728,11.967687968741062,40.08965912469042,855.2744140625,False
YOLO26m-Seg,medium,YOLO26,0.5742218072723807,77.30939841169554,12.935037919642093,32.043173607283585,912.16162109375,False
YOLO11m-Seg,medium,YOLO11,0.5183068044898015,76.97128645920505,12.991857691374332,30.573980881211657,889.384765625,False
YOLOv8m-Seg,medium,YOLOv8,0.5069711513246001,78.11159594760586,12.80219649680132,27.231897604263697,1018.76171875,False
YOLO26s-Seg,small,YOLO26,0.5366399393629823,78.8279549816313,12.685854913184324,17.308160424387705,872.671875,False
YOLO11s-Seg,small,YOLO11,0.48326878058552125,88.83594810574625,11.256704310845489,15.69301294706141,1007.49609375,False
YOLOv8s-Seg,small,YOLOv8,0.48276342542590744,92.17317551840097,10.84914341266636,15.220344315748662,1139.009765625,False
YOLO26n-Seg,nano,YOLO26,0.47269783674692284,82.39024182548746,12.137359690218187,13.042352374177426,1043.1328125,False
YOLO11n-Seg,nano,YOLO11,0.4319294631557555,97.44068898571034,10.262653214065942,11.745314888345698,1030.0,False
YOLOv8n-Seg,nano,YOLOv8,0.42306210012717366,95.68253288666408,10.451228346813306,9.045145171694458,1117.08544921875,False
