model,tier,family,sequence,mask_map50_95,recall,within_tier_sequence_map_rank,pooled_tier_map_rank,sequence_rank_minus_pooled_rank,endpoint_larger_model,endpoint_smaller_model,endpoint_map_delta_smaller_minus_larger,endpoint_map_delta_pp,endpoint_recall_delta_pp,adjacent_larger_model,adjacent_map_delta_pp
YOLO26x-Seg,largest,YOLO26,MOTS20-02,0.48631736489491567,0.796562011649382,1,1,0,YOLO26x-Seg,YOLO26n-Seg,-0.15056513407683717,-15.05651340768371700,-24.6341809916181300,,
YOLO26x-Seg,largest,YOLO26,MOTS20-05,0.649731825113062,0.8585996955859969,1,1,0,YOLO26x-Seg,YOLO26n-Seg,-0.1261874735829373,-12.6187473582937300,-14.5357686453576800,,
YOLO26x-Seg,largest,YOLO26,MOTS20-09,0.6101132541358061,0.8866778382907415,1,1,0,YOLO26x-Seg,YOLO26n-Seg,-0.1414227062497747,-14.1422706249774700,-12.6937578550481800,,
YOLO26x-Seg,largest,YOLO26,MOTS20-11,0.656433015958394,0.8552461520385384,1,1,0,YOLO26x-Seg,YOLO26n-Seg,-0.1148043320053265,-11.4804332005326500,-11.5967571378216500,,
YOLO11x-Seg,largest,YOLO11,MOTS20-02,0.41681473593916174,0.7590566841880949,3,2,1,YOLO11x-Seg,YOLO11n-Seg,-0.12592626974421964,-12.59262697442196400,-19.4914050291234500,,
YOLO11x-Seg,largest,YOLO11,MOTS20-05,0.6040701958359443,0.8394216133942162,2,2,0,YOLO11x-Seg,YOLO11n-Seg,-0.1144301366637799,-11.4430136663779900,-10.5936073059360800,,
YOLO11x-Seg,largest,YOLO11,MOTS20-09,0.5331389794454843,0.8684541265186426,2,2,0,YOLO11x-Seg,YOLO11n-Seg,-0.1071389982059774,-10.7138998205977400,-11.2903225806451600,,
YOLO11x-Seg,largest,YOLO11,MOTS20-11,0.5823634982019754,0.83527200093996,2,2,0,YOLO11x-Seg,YOLO11n-Seg,-0.0805673563937487,-8.0567356393748700,-9.9518270473504800,,
YOLOv9e-Seg,largest,YOLOv9,MOTS20-02,0.42284450581385846,0.7705640005682626,2,3,-1,YOLOv9e-Seg,YOLOv9c-Seg,-0.02678249779569376,-2.67824977956937600,-3.4806080409149000,,
YOLOv9e-Seg,largest,YOLOv9,MOTS20-05,0.6021198253240554,0.8342465753424657,3,3,0,YOLOv9e-Seg,YOLOv9c-Seg,-0.0213242665341489,-2.1324266534148900,-1.8873668188736600,,
YOLOv9e-Seg,largest,YOLOv9,MOTS20-09,0.527401909823149,0.8615416841223292,3,3,0,YOLOv9e-Seg,YOLOv9c-Seg,-0.0098895179645795,-0.9889517964579500,-1.3405948889819800,,
YOLOv9e-Seg,largest,YOLOv9,MOTS20-11,0.5818630057009012,0.8473739866055693,3,3,0,YOLOv9e-Seg,YOLOv9c-Seg,-0.0150143473812600,-1.5014347381260000,-2.3851486311831800,,
YOLOv8x-Seg,largest,YOLOv8,MOTS20-02,0.4107869280657733,0.7628924563148174,4,4,0,YOLOv8x-Seg,YOLOv8n-Seg,-0.1390012562948641,-13.9001256294864100,-18.0281289955959600,,
YOLOv8x-Seg,largest,YOLOv8,MOTS20-05,0.5863085143554491,0.819634703196347,4,4,0,YOLOv8x-Seg,YOLOv8n-Seg,-0.1005229245838407,-10.0522924583840700,-8.9649923896499200,,
YOLOv8x-Seg,largest,YOLOv8,MOTS20-09,0.5218316930836745,0.8563049853372434,4,4,0,YOLOv8x-Seg,YOLOv8n-Seg,-0.1055535341681218,-10.5553534168121800,-11.0389610389610400,,
YOLOv8x-Seg,largest,YOLOv8,MOTS20-11,0.5689943193423534,0.8290447655974621,4,4,0,YOLOv8x-Seg,YOLOv8n-Seg,-0.07321171904676566,-7.32117190467656600,-9.0588649982375700,,
YOLO26l-Seg,second_largest,YOLO26,MOTS20-02,0.4690681351303202,0.7856229578065066,1,1,0,YOLO26x-Seg,YOLO26n-Seg,-0.15056513407683717,-15.05651340768371700,-24.6341809916181300,YOLO26x-Seg,-1.72492297645954700
YOLO26l-Seg,second_largest,YOLO26,MOTS20-05,0.633303792407039,0.8426179604261796,1,1,0,YOLO26x-Seg,YOLO26n-Seg,-0.1261874735829373,-12.6187473582937300,-14.5357686453576800,YOLO26x-Seg,-1.642803270602300
YOLO26l-Seg,second_largest,YOLO26,MOTS20-09,0.5878953223893446,0.869082530372853,1,1,0,YOLO26x-Seg,YOLO26n-Seg,-0.1414227062497747,-14.1422706249774700,-12.6937578550481800,YOLO26x-Seg,-2.2217931746461500
YOLO26l-Seg,second_largest,YOLO26,MOTS20-11,0.6409909256750733,0.8489014216895782,1,1,0,YOLO26x-Seg,YOLO26n-Seg,-0.1148043320053265,-11.4804332005326500,-11.5967571378216500,YOLO26x-Seg,-1.5442090283320700
YOLO11l-Seg,second_largest,YOLO11,MOTS20-02,0.4066859909904096,0.7329166074726524,2,2,0,YOLO11x-Seg,YOLO11n-Seg,-0.12592626974421964,-12.59262697442196400,-19.4914050291234500,YOLO11x-Seg,-1.01287449487521400
YOLO11l-Seg,second_largest,YOLO11,MOTS20-05,0.5955506211119128,0.8339421613394216,2,2,0,YOLO11x-Seg,YOLO11n-Seg,-0.1144301366637799,-11.4430136663779900,-10.5936073059360800,YOLO11x-Seg,-0.8519574724031500
YOLO11l-Seg,second_largest,YOLO11,MOTS20-09,0.5243070912734371,0.8590280687054881,2,2,0,YOLO11x-Seg,YOLO11n-Seg,-0.1071389982059774,-10.7138998205977400,-11.2903225806451600,YOLO11x-Seg,-0.8831888172047200
YOLO11l-Seg,second_largest,YOLO11,MOTS20-11,0.5757037644698787,0.8270473504876042,2,2,0,YOLO11x-Seg,YOLO11n-Seg,-0.0805673563937487,-8.0567356393748700,-9.9518270473504800,YOLO11x-Seg,-0.6659733732096700
YOLOv9c-Seg,second_largest,YOLOv9,MOTS20-02,0.3960620080181647,0.7357579201591136,4,4,0,YOLOv9e-Seg,YOLOv9c-Seg,-0.02678249779569376,-2.67824977956937600,-3.4806080409149000,YOLOv9e-Seg,-2.67824977956937600
YOLOv9c-Seg,second_largest,YOLOv9,MOTS20-05,0.5807955587899065,0.8153729071537291,4,4,0,YOLOv9e-Seg,YOLOv9c-Seg,-0.0213242665341489,-2.1324266534148900,-1.8873668188736600,YOLOv9e-Seg,-2.1324266534148900
YOLOv9c-Seg,second_largest,YOLOv9,MOTS20-09,0.5175123918585695,0.8481357352325094,3,4,-1,YOLOv9e-Seg,YOLOv9c-Seg,-0.0098895179645795,-0.9889517964579500,-1.3405948889819800,YOLOv9e-Seg,-0.9889517964579500
YOLOv9c-Seg,second_largest,YOLOv9,MOTS20-11,0.5668486583196412,0.8235225002937375,4,4,0,YOLOv9e-Seg,YOLOv9c-Seg,-0.0150143473812600,-1.5014347381260000,-2.3851486311831800,YOLOv9e-Seg,-1.5014347381260000
YOLOv8l-Seg,second_largest,YOLOv8,MOTS20-02,0.40232199394778706,0.7614717999715869,3,3,0,YOLOv8x-Seg,YOLOv8n-Seg,-0.1390012562948641,-13.9001256294864100,-18.0281289955959600,YOLOv8x-Seg,-0.84649341179862400
YOLOv8l-Seg,second_largest,YOLOv8,MOTS20-05,0.58172367785825,0.8115677321156773,3,3,0,YOLOv8x-Seg,YOLOv8n-Seg,-0.1005229245838407,-10.0522924583840700,-8.9649923896499200,YOLOv8x-Seg,-0.4584836497199100
YOLOv8l-Seg,second_largest,YOLOv8,MOTS20-09,0.5170496253782839,0.8498114788437369,4,3,1,YOLOv8x-Seg,YOLOv8n-Seg,-0.1055535341681218,-10.5553534168121800,-11.0389610389610400,YOLOv8x-Seg,-0.4782067705390600
YOLOv8l-Seg,second_largest,YOLOv8,MOTS20-11,0.5673394895707888,0.8246974503583597,3,3,0,YOLOv8x-Seg,YOLOv8n-Seg,-0.07321171904676566,-7.32117190467656600,-9.0588649982375700,YOLOv8x-Seg,-0.1654829771564600
YOLO26m-Seg,medium,YOLO26,MOTS20-02,0.4492104479372004,0.7538002557181418,1,1,0,YOLO26x-Seg,YOLO26n-Seg,-0.15056513407683717,-15.05651340768371700,-24.6341809916181300,YOLO26l-Seg,-1.9857687193119800
YOLO26m-Seg,medium,YOLO26,MOTS20-05,0.6189945685241278,0.8225266362252663,1,1,0,YOLO26x-Seg,YOLO26n-Seg,-0.1261874735829373,-12.6187473582937300,-14.5357686453576800,YOLO26l-Seg,-1.4309223882911200
YOLO26m-Seg,medium,YOLO26,MOTS20-09,0.5823107206035733,0.8653121072475911,1,1,0,YOLO26x-Seg,YOLO26n-Seg,-0.1414227062497747,-14.1422706249774700,-12.6937578550481800,YOLO26l-Seg,-0.5584601785771300
YOLO26m-Seg,medium,YOLO26,MOTS20-11,0.6333698933604952,0.8325696157913288,1,1,0,YOLO26x-Seg,YOLO26n-Seg,-0.1148043320053265,-11.4804332005326500,-11.5967571378216500,YOLO26l-Seg,-0.7621032314578100
YOLO11m-Seg,medium,YOLO11,MOTS20-02,0.39952604958590243,0.7502486148600653,2,2,0,YOLO11x-Seg,YOLO11n-Seg,-0.12592626974421964,-12.59262697442196400,-19.4914050291234500,YOLO11l-Seg,-0.71599414045071700
YOLO11m-Seg,medium,YOLO11,MOTS20-05,0.5791415651117273,0.8161339421613394,2,2,0,YOLO11x-Seg,YOLO11n-Seg,-0.1144301366637799,-11.4430136663779900,-10.5936073059360800,YOLO11l-Seg,-1.6409056000185500
YOLO11m-Seg,medium,YOLO11,MOTS20-09,0.5173085702991111,0.8487641390867198,2,2,0,YOLO11x-Seg,YOLO11n-Seg,-0.1071389982059774,-10.7138998205977400,-11.2903225806451600,YOLO11l-Seg,-0.6998520974326000
YOLO11m-Seg,medium,YOLO11,MOTS20-11,0.5674319105373358,0.8172952649512396,2,2,0,YOLO11x-Seg,YOLO11n-Seg,-0.0805673563937487,-8.0567356393748700,-9.9518270473504800,YOLO11l-Seg,-0.8271853932542900
YOLOv8m-Seg,medium,YOLOv8,MOTS20-02,0.38591208110573183,0.7324904105696832,3,3,0,YOLOv8x-Seg,YOLOv8n-Seg,-0.1390012562948641,-13.9001256294864100,-18.0281289955959600,YOLOv8l-Seg,-1.64099128420552300
YOLOv8m-Seg,medium,YOLOv8,MOTS20-05,0.5654430299611585,0.7945205479452054,3,3,0,YOLOv8x-Seg,YOLOv8n-Seg,-0.1005229245838407,-10.0522924583840700,-8.9649923896499200,YOLOv8l-Seg,-1.6280647897091500
YOLOv8m-Seg,medium,YOLOv8,MOTS20-09,0.508933419607916,0.8426895684960201,3,3,0,YOLOv8x-Seg,YOLOv8n-Seg,-0.1055535341681218,-10.5553534168121800,-11.0389610389610400,YOLOv8l-Seg,-0.8116205770367900
YOLOv8m-Seg,medium,YOLOv8,MOTS20-11,0.5586178623859923,0.8167077899189285,3,3,0,YOLOv8x-Seg,YOLOv8n-Seg,-0.07321171904676566,-7.32117190467656600,-9.0588649982375700,YOLOv8l-Seg,-0.8721627184796500
YOLO26s-Seg,small,YOLO26,MOTS20-02,0.41965144637490925,0.7435715300468817,1,1,0,YOLO26x-Seg,YOLO26n-Seg,-0.15056513407683717,-15.05651340768371700,-24.6341809916181300,YOLO26m-Seg,-2.95590015622911500
YOLO26s-Seg,small,YOLO26,MOTS20-05,0.5811367378143568,0.791476407914764,1,1,0,YOLO26x-Seg,YOLO26n-Seg,-0.1261874735829373,-12.6187473582937300,-14.5357686453576800,YOLO26m-Seg,-3.7857830709771000
YOLO26s-Seg,small,YOLO26,MOTS20-09,0.5442206965049603,0.8328445747800587,1,1,0,YOLO26x-Seg,YOLO26n-Seg,-0.1414227062497747,-14.1422706249774700,-12.6937578550481800,YOLO26m-Seg,-3.8090024098613000
YOLO26s-Seg,small,YOLO26,MOTS20-11,0.5898926635345991,0.8019034191046881,1,1,0,YOLO26x-Seg,YOLO26n-Seg,-0.1148043320053265,-11.4804332005326500,-11.5967571378216500,YOLO26m-Seg,-4.3477229825896100
YOLO11s-Seg,small,YOLO11,MOTS20-02,0.3562590538413031,0.6887341951981816,3,2,1,YOLO11x-Seg,YOLO11n-Seg,-0.12592626974421964,-12.59262697442196400,-19.4914050291234500,YOLO11m-Seg,-4.32669957445993300
YOLO11s-Seg,small,YOLO11,MOTS20-05,0.5391780817446051,0.7732115677321156,2,2,0,YOLO11x-Seg,YOLO11n-Seg,-0.1144301366637799,-11.4430136663779900,-10.5936073059360800,YOLO11m-Seg,-3.9963483367122200
YOLO11s-Seg,small,YOLO11,MOTS20-09,0.48430850216943117,0.8173439463762044,2,2,0,YOLO11x-Seg,YOLO11n-Seg,-0.1071389982059774,-10.7138998205977400,-11.2903225806451600,YOLO11m-Seg,-3.30000681296799300
YOLO11s-Seg,small,YOLO11,MOTS20-11,0.5376127321828972,0.7896839384326166,3,2,1,YOLO11x-Seg,YOLO11n-Seg,-0.0805673563937487,-8.0567356393748700,-9.9518270473504800,YOLO11m-Seg,-2.9819178354438600
YOLOv8s-Seg,small,YOLOv8,MOTS20-02,0.3598633722557718,0.6993891177724109,2,3,-1,YOLOv8x-Seg,YOLOv8n-Seg,-0.1390012562948641,-13.9001256294864100,-18.0281289955959600,YOLOv8m-Seg,-2.60487088499600300
YOLOv8s-Seg,small,YOLOv8,MOTS20-05,0.534965949464656,0.7726027397260274,3,3,0,YOLOv8x-Seg,YOLOv8n-Seg,-0.1005229245838407,-10.0522924583840700,-8.9649923896499200,YOLOv8m-Seg,-3.0477080496502500
YOLOv8s-Seg,small,YOLOv8,MOTS20-09,0.4788211599813787,0.8125261834939255,3,3,0,YOLOv8x-Seg,YOLOv8n-Seg,-0.1055535341681218,-10.5553534168121800,-11.0389610389610400,YOLOv8m-Seg,-3.0112259626537300
YOLOv8s-Seg,small,YOLOv8,MOTS20-11,0.5416055951951178,0.794031253671719,2,3,-1,YOLOv8x-Seg,YOLOv8n-Seg,-0.07321171904676566,-7.32117190467656600,-9.0588649982375700,YOLOv8m-Seg,-1.7012267190874500
YOLO26n-Seg,nano,YOLO26,MOTS20-02,0.3357522308180785,0.5502202017332007,1,1,0,YOLO26x-Seg,YOLO26n-Seg,-0.15056513407683717,-15.05651340768371700,-24.6341809916181300,YOLO26s-Seg,-8.38992155568307500
YOLO26n-Seg,nano,YOLO26,MOTS20-05,0.5235443515301247,0.7132420091324201,1,1,0,YOLO26x-Seg,YOLO26n-Seg,-0.1261874735829373,-12.6187473582937300,-14.5357686453576800,YOLO26s-Seg,-5.7592386284232100
YOLO26n-Seg,nano,YOLO26,MOTS20-09,0.4686905478860314,0.7597402597402597,1,1,0,YOLO26x-Seg,YOLO26n-Seg,-0.1414227062497747,-14.1422706249774700,-12.6937578550481800,YOLO26s-Seg,-7.5530148618928900
YOLO26n-Seg,nano,YOLO26,MOTS20-11,0.5416286839530675,0.7392785806603219,1,1,0,YOLO26x-Seg,YOLO26n-Seg,-0.1148043320053265,-11.4804332005326500,-11.5967571378216500,YOLO26s-Seg,-4.8263979581531600
YOLO11n-Seg,nano,YOLO11,MOTS20-02,0.2908884661949421,0.5641426338968604,2,2,0,YOLO11x-Seg,YOLO11n-Seg,-0.12592626974421964,-12.59262697442196400,-19.4914050291234500,YOLO11s-Seg,-6.5370587646361000
YOLO11n-Seg,nano,YOLO11,MOTS20-05,0.4896400591721644,0.7334855403348554,2,2,0,YOLO11x-Seg,YOLO11n-Seg,-0.1144301366637799,-11.4430136663779900,-10.5936073059360800,YOLO11s-Seg,-4.9538022572440700
YOLO11n-Seg,nano,YOLO11,MOTS20-09,0.4259999812395069,0.755550900712191,2,2,0,YOLO11x-Seg,YOLO11n-Seg,-0.1071389982059774,-10.7138998205977400,-11.2903225806451600,YOLO11s-Seg,-5.83085209299242700
YOLO11n-Seg,nano,YOLO11,MOTS20-11,0.5017961418082267,0.7357537304664552,2,2,0,YOLO11x-Seg,YOLO11n-Seg,-0.0805673563937487,-8.0567356393748700,-9.9518270473504800,YOLO11s-Seg,-3.5816590374670500
YOLOv8n-Seg,nano,YOLOv8,MOTS20-02,0.2717856717709092,0.5826111663588578,3,3,0,YOLOv8x-Seg,YOLOv8n-Seg,-0.1390012562948641,-13.9001256294864100,-18.0281289955959600,YOLOv8s-Seg,-8.8077700484862600
YOLOv8n-Seg,nano,YOLOv8,MOTS20-05,0.4857855897716084,0.7299847792998478,3,3,0,YOLOv8x-Seg,YOLOv8n-Seg,-0.1005229245838407,-10.0522924583840700,-8.9649923896499200,YOLOv8s-Seg,-4.9180359693047600
YOLOv8n-Seg,nano,YOLOv8,MOTS20-09,0.4162781589155527,0.745915374947633,3,3,0,YOLOv8x-Seg,YOLOv8n-Seg,-0.1055535341681218,-10.5553534168121800,-11.0389610389610400,YOLOv8s-Seg,-6.2543001065826000
YOLOv8n-Seg,nano,YOLOv8,MOTS20-11,0.49578260029558774,0.7384561156150864,3,3,0,YOLOv8x-Seg,YOLOv8n-Seg,-0.07321171904676566,-7.32117190467656600,-9.0588649982375700,YOLOv8s-Seg,-4.58229948995300600
