study_id,schema_version,experiment,tier,family,model,sequence,frames,gt_instances,predictions,tp,fp,fn,precision,recall,f1,ap50,ap75,mask_map50_95,tp_iou_mean,tp_dice_mean,ignored_predictions
yolo_instance_segmentation_mots20_scaling,1.0,YOLO_Large_Seg_MOTS20_Benchmark,largest,YOLO26,YOLO26x-Seg,MOTS20-02,600,7039,8342,5607,344,1432,0.9421945891446816,0.796562011649382,0.8632794457274827,0.8690592583473831,0.4783759298602578,0.48631736489491567,0.7823362333590935,0.8744356283828889,2391
yolo_instance_segmentation_mots20_scaling,1.0,YOLO_Large_Seg_MOTS20_Benchmark,largest,YOLO26,YOLO26x-Seg,MOTS20-05,837,6570,6880,5641,457,929,0.9250573958674976,0.8585996955859969,0.8905904641616672,0.9105367563162389,0.7125914117975243,0.649731825113062,0.8506416141755306,0.9155273668272643,782
yolo_instance_segmentation_mots20_scaling,1.0,YOLO_Large_Seg_MOTS20_Benchmark,largest,YOLO26,YOLO26x-Seg,MOTS20-09,525,4774,5473,4233,201,541,0.9546684709066305,0.8866778382907415,0.9194178974804518,0.9146228954524609,0.7046064877194699,0.6101132541358061,0.8240201658566898,0.9003149638261093,1039
yolo_instance_segmentation_mots20_scaling,1.0,YOLO_Large_Seg_MOTS20_Benchmark,largest,YOLO26,YOLO26x-Seg,MOTS20-11,900,8511,8495,7279,297,1232,0.9607972544878564,0.8552461520385384,0.9049543109342948,0.9203705149172317,0.746006317898914,0.656433015958394,0.8506709721652019,0.9166014666018036,919
yolo_instance_segmentation_mots20_scaling,1.0,YOLO_Large_Seg_MOTS20_Benchmark,largest,YOLO11,YOLO11x-Seg,MOTS20-02,600,7039,7346,5343,336,1696,0.9408346539883783,0.7590566841880949,0.8402264506997955,0.8326945983006856,0.36408622343000285,0.41681473593916174,0.7514886375644309,0.8546608425048614,1667
yolo_instance_segmentation_mots20_scaling,1.0,YOLO_Large_Seg_MOTS20_Benchmark,largest,YOLO11,YOLO11x-Seg,MOTS20-05,837,6570,6620,5515,494,1055,0.9177899816941255,0.8394216133942162,0.8768582558231974,0.8930780326526452,0.6585949281025764,0.6040701958359443,0.8329470598192477,0.9049178277333145,611
yolo_instance_segmentation_mots20_scaling,1.0,YOLO_Large_Seg_MOTS20_Benchmark,largest,YOLO11,YOLO11x-Seg,MOTS20-09,525,4774,5257,4146,244,628,0.9444191343963554,0.8684541265186426,0.9048450458315146,0.8907833000806089,0.5797240007105077,0.5331389794454843,0.7894614204326661,0.8789739506587231,867
yolo_instance_segmentation_mots20_scaling,1.0,YOLO_Large_Seg_MOTS20_Benchmark,largest,YOLO11,YOLO11x-Seg,MOTS20-11,900,8511,8153,7109,370,1402,0.9505281454739939,0.83527200093996,0.8891807379612258,0.8933619063241153,0.6764579388657059,0.5823634982019754,0.8213563140815326,0.8991190688825852,674
yolo_instance_segmentation_mots20_scaling,1.0,YOLO_Large_Seg_MOTS20_Benchmark,largest,YOLOv9,YOLOv9e-Seg,MOTS20-02,600,7039,7835,5424,403,1615,0.9308391968422859,0.7705640005682626,0.8431524949479248,0.8459408968234332,0.3737092744988751,0.42284450581385846,0.7513954429289432,0.8544845080902308,2008
yolo_instance_segmentation_mots20_scaling,1.0,YOLO_Large_Seg_MOTS20_Benchmark,largest,YOLOv9,YOLOv9e-Seg,MOTS20-05,837,6570,6489,5481,363,1089,0.9378850102669405,0.8342465753424657,0.8830352827452875,0.8938493410226884,0.6519113569226646,0.6021198253240554,0.832231154385717,0.9043016312035629,645
yolo_instance_segmentation_mots20_scaling,1.0,YOLO_Large_Seg_MOTS20_Benchmark,largest,YOLOv9,YOLOv9e-Seg,MOTS20-09,525,4774,5294,4113,197,661,0.954292343387471,0.8615416841223292,0.9055482166446499,0.8903224424150247,0.5674049090368587,0.527401909823149,0.788039960996787,0.8780704833327128,984
yolo_instance_segmentation_mots20_scaling,1.0,YOLO_Large_Seg_MOTS20_Benchmark,largest,YOLOv9,YOLOv9e-Seg,MOTS20-11,900,8511,8656,7212,602,1299,0.922958791911953,0.8473739866055693,0.8835528330781011,0.8965131312749289,0.6674113584497305,0.5818630057009012,0.8167154916779128,0.8960148359980267,842
yolo_instance_segmentation_mots20_scaling,1.0,YOLO_Large_Seg_MOTS20_Benchmark,largest,YOLOv8,YOLOv8x-Seg,MOTS20-02,600,7039,7663,5370,641,1669,0.8933621693561803,0.7628924563148174,0.8229885057471265,0.8234823567044507,0.36400222758251033,0.4107869280657733,0.750315393012812,0.8536586911315451,1652
yolo_instance_segmentation_mots20_scaling,1.0,YOLO_Large_Seg_MOTS20_Benchmark,largest,YOLOv8,YOLOv8x-Seg,MOTS20-05,837,6570,6361,5385,417,1185,0.9281282316442606,0.819634703196347,0.8705140640155189,0.8803484702225787,0.6327572436118705,0.5863085143554491,0.8291405226882803,0.9023456821053181,559
yolo_instance_segmentation_mots20_scaling,1.0,YOLO_Large_Seg_MOTS20_Benchmark,largest,YOLOv8,YOLOv8x-Seg,MOTS20-09,525,4774,5486,4088,252,686,0.9419354838709677,0.8563049853372434,0.8970814132104454,0.8833580080081453,0.5590863028350296,0.5218316930836745,0.7873833907622595,0.8775777724093042,1146
yolo_instance_segmentation_mots20_scaling,1.0,YOLO_Large_Seg_MOTS20_Benchmark,largest,YOLOv8,YOLOv8x-Seg,MOTS20-11,900,8511,8323,7056,553,1455,0.9273229070837167,0.8290447655974621,0.8754342431761787,0.8804443748143892,0.6591035133501246,0.5689943193423534,0.8170987041479278,0.8963189747151283,714
yolo_instance_segmentation_mots20_scaling,1.0,YOLO_Second_Largest_Seg_MOTS20_Benchmark,second_largest,YOLO26,YOLO26l-Seg,MOTS20-02,600,7039,7788,5530,414,1509,0.930349932705249,0.7856229578065066,0.8518832319186629,0.8531940578157924,0.45811231097203375,0.4690681351303202,0.7774251526550413,0.8712175114003725,1844
yolo_instance_segmentation_mots20_scaling,1.0,YOLO_Second_Largest_Seg_MOTS20_Benchmark,second_largest,YOLO26,YOLO26l-Seg,MOTS20-05,837,6570,6679,5536,459,1034,0.9234361968306922,0.8426179604261796,0.8811778750497413,0.8962760633225147,0.6905346296591013,0.633303792407039,0.8481870650565224,0.9139669391827635,684
yolo_instance_segmentation_mots20_scaling,1.0,YOLO_Second_Largest_Seg_MOTS20_Benchmark,second_largest,YOLO26,YOLO26l-Seg,MOTS20-09,525,4774,5336,4149,254,625,0.9423120599591188,0.869082530372853,0.9042170644001307,0.9030067124757157,0.6714198900331423,0.5878953223893446,0.819958088901618,0.8978501027818647,933
yolo_instance_segmentation_mots20_scaling,1.0,YOLO_Second_Largest_Seg_MOTS20_Benchmark,second_largest,YOLO26,YOLO26l-Seg,MOTS20-11,900,8511,8470,7225,415,1286,0.9456806282722513,0.8489014216895782,0.8946814438734444,0.9068443097038414,0.7350291570138457,0.6409909256750733,0.8475995467926877,0.9147791643451453,830
yolo_instance_segmentation_mots20_scaling,1.0,YOLO_Second_Largest_Seg_MOTS20_Benchmark,second_largest,YOLO11,YOLO11l-Seg,MOTS20-02,600,7039,6886,5159,425,1880,0.9238896848137536,0.7329166074726524,0.8173968153370831,0.8209463398118076,0.36393108873642155,0.4066859909904096,0.7533485105043126,0.8557708422007345,1302
yolo_instance_segmentation_mots20_scaling,1.0,YOLO_Second_Largest_Seg_MOTS20_Benchmark,second_largest,YOLO11,YOLO11l-Seg,MOTS20-05,837,6570,6548,5479,495,1091,0.9171409440910613,0.8339421613394216,0.8735650510204082,0.8854387984405788,0.6439821063948795,0.5955506211119128,0.8302795272042742,0.9031039074783516,574
yolo_instance_segmentation_mots20_scaling,1.0,YOLO_Second_Largest_Seg_MOTS20_Benchmark,second_largest,YOLO11,YOLO11l-Seg,MOTS20-09,525,4774,5236,4101,274,673,0.9373714285714285,0.8590280687054881,0.8964914198273035,0.8811375774470793,0.5670675182231405,0.5243070912734371,0.7887995955613015,0.8784128766806564,861
yolo_instance_segmentation_mots20_scaling,1.0,YOLO_Second_Largest_Seg_MOTS20_Benchmark,second_largest,YOLO11,YOLO11l-Seg,MOTS20-11,900,8511,8046,7039,405,1472,0.9455937667920473,0.8270473504876042,0.8823566280162959,0.8823792498208665,0.6667938279578506,0.5757037644698787,0.8209621554924728,0.8987126384822236,602
yolo_instance_segmentation_mots20_scaling,1.0,YOLO_Second_Largest_Seg_MOTS20_Benchmark,second_largest,YOLOv9,YOLOv9c-Seg,MOTS20-02,600,7039,7275,5179,613,1860,0.894164364640884,0.7357579201591136,0.8072636583274881,0.8021755440567382,0.3676599295987396,0.3960620080181647,0.7491331518344619,0.8526089893908742,1483
yolo_instance_segmentation_mots20_scaling,1.0,YOLO_Second_Largest_Seg_MOTS20_Benchmark,second_largest,YOLOv9,YOLOv9c-Seg,MOTS20-05,837,6570,6394,5357,463,1213,0.920446735395189,0.8153729071537291,0.864729620661824,0.8722373682585953,0.6332542936960205,0.5807955587899065,0.828208429039107,0.9017487485217751,574
yolo_instance_segmentation_mots20_scaling,1.0,YOLO_Second_Largest_Seg_MOTS20_Benchmark,second_largest,YOLOv9,YOLOv9c-Seg,MOTS20-09,525,4774,5300,4049,274,725,0.936618089289845,0.8481357352325094,0.8901835770034077,0.8767268399226116,0.5550678199697942,0.5175123918585695,0.7872082072596955,0.877436733914407,977
yolo_instance_segmentation_mots20_scaling,1.0,YOLO_Second_Largest_Seg_MOTS20_Benchmark,second_largest,YOLOv9,YOLOv9c-Seg,MOTS20-11,900,8511,8224,7009,559,1502,0.9261363636363636,0.8235225002937375,0.8718203868399776,0.8735412408714162,0.6558646003420447,0.5668486583196412,0.8181426431665165,0.8969296011148,656
yolo_instance_segmentation_mots20_scaling,1.0,YOLO_Second_Largest_Seg_MOTS20_Benchmark,second_largest,YOLOv8,YOLOv8l-Seg,MOTS20-02,600,7039,8174,5360,881,1679,0.8588367248838327,0.7614717999715869,0.8072289156626506,0.8123785685614094,0.36150535666410516,0.40232199394778706,0.746471988694081,0.8507977151103717,1933
yolo_instance_segmentation_mots20_scaling,1.0,YOLO_Second_Largest_Seg_MOTS20_Benchmark,second_largest,YOLOv8,YOLOv8l-Seg,MOTS20-05,837,6570,6309,5332,435,1238,0.924570834055835,0.8115677321156773,0.8643916673421416,0.8731642336352009,0.6345260514826312,0.58172367785825,0.8303029921886582,0.9032079682995668,542
yolo_instance_segmentation_mots20_scaling,1.0,YOLO_Second_Largest_Seg_MOTS20_Benchmark,second_largest,YOLOv8,YOLOv8l-Seg,MOTS20-09,525,4774,5434,4057,279,717,0.9356549815498155,0.8498114788437369,0.8906695938529089,0.8759074463140698,0.5573548834185309,0.5170496253782839,0.7871944533725124,0.8774323483675508,1098
yolo_instance_segmentation_mots20_scaling,1.0,YOLO_Second_Largest_Seg_MOTS20_Benchmark,second_largest,YOLOv8,YOLOv8l-Seg,MOTS20-11,900,8511,8270,7019,573,1492,0.9245258166491043,0.8246974503583597,0.8717630255231944,0.8768534909400749,0.6523792750985371,0.5673394895707888,0.8177557487139642,0.8967288189597256,678
yolo_instance_segmentation_mots20_scaling,1.0,YOLO_Medium_Seg_MOTS20_Benchmark,medium,YOLO26,YOLO26m-Seg,MOTS20-02,600,7039,7609,5306,714,1733,0.8813953488372093,0.7538002557181418,0.8126196492840186,0.8258704384757767,0.43539925639380656,0.4492104479372004,0.7762773032937111,0.8705216197049156,1589
yolo_instance_segmentation_mots20_scaling,1.0,YOLO_Medium_Seg_MOTS20_Benchmark,medium,YOLO26,YOLO26m-Seg,MOTS20-05,837,6570,6458,5404,467,1166,0.9204564810083461,0.8225266362252663,0.8687404549473515,0.8839235591643976,0.6759169168302089,0.6189945685241278,0.8468639236896267,0.9130750700497726,587
yolo_instance_segmentation_mots20_scaling,1.0,YOLO_Medium_Seg_MOTS20_Benchmark,medium,YOLO26,YOLO26m-Seg,MOTS20-09,525,4774,5378,4131,330,643,0.9260255548083389,0.8653121072475911,0.8946399566865186,0.8910802494287215,0.6558377441325886,0.5823107206035733,0.8184017143915289,0.8968218108917998,917
yolo_instance_segmentation_mots20_scaling,1.0,YOLO_Medium_Seg_MOTS20_Benchmark,medium,YOLO26,YOLO26m-Seg,MOTS20-11,900,8511,8322,7086,439,1425,0.9416611295681063,0.8325696157913288,0.8837615365427788,0.8949602140646976,0.725657128247681,0.6333698933604952,0.8496123349310822,0.9159817913516818,797
yolo_instance_segmentation_mots20_scaling,1.0,YOLO_Medium_Seg_MOTS20_Benchmark,medium,YOLO11,YOLO11m-Seg,MOTS20-02,600,7039,7571,5281,584,1758,0.9004262574595056,0.7502486148600653,0.8185058896466212,0.8084471003153757,0.35450170843352213,0.39952604958590243,0.7504297153672204,0.8538212756083061,1706
yolo_instance_segmentation_mots20_scaling,1.0,YOLO_Medium_Seg_MOTS20_Benchmark,medium,YOLO11,YOLO11m-Seg,MOTS20-05,837,6570,6477,5362,547,1208,0.9074293450668471,0.8161339421613394,0.8593637310681945,0.872364307972271,0.627096832157517,0.5791415651117273,0.8285753423235683,0.9019624983995299,568
yolo_instance_segmentation_mots20_scaling,1.0,YOLO_Medium_Seg_MOTS20_Benchmark,medium,YOLO11,YOLO11m-Seg,MOTS20-09,525,4774,5029,4052,334,722,0.9238486092111263,0.8487641390867198,0.8847161572052402,0.8767301024742391,0.5550190418247464,0.5173085702991111,0.7886838789455414,0.8784630285065941,643
yolo_instance_segmentation_mots20_scaling,1.0,YOLO_Medium_Seg_MOTS20_Benchmark,medium,YOLO11,YOLO11m-Seg,MOTS20-11,900,8511,8137,6956,563,1555,0.9251230216784146,0.8172952649512396,0.8678727386150967,0.8704542698966373,0.6592035465063486,0.5674319105373358,0.8203366645597602,0.8983045739071819,618
yolo_instance_segmentation_mots20_scaling,1.0,YOLO_Medium_Seg_MOTS20_Benchmark,medium,YOLOv8,YOLOv8m-Seg,MOTS20-02,600,7039,7527,5156,824,1883,0.8622073578595317,0.7324904105696832,0.7920731238958445,0.7927523781195943,0.3423930826141918,0.38591208110573183,0.7463902815416233,0.8507797171905026,1547
yolo_instance_segmentation_mots20_scaling,1.0,YOLO_Medium_Seg_MOTS20_Benchmark,medium,YOLOv8,YOLOv8m-Seg,MOTS20-05,837,6570,6259,5220,497,1350,0.9130662935105824,0.7945205479452054,0.8496785220151379,0.8597028368675951,0.6145637304370823,0.5654430299611585,0.8284334513922404,0.9021487176414822,542
yolo_instance_segmentation_mots20_scaling,1.0,YOLO_Medium_Seg_MOTS20_Benchmark,medium,YOLOv8,YOLOv8m-Seg,MOTS20-09,525,4774,5542,4023,415,751,0.9064894096439837,0.8426895684960201,0.8734259661311333,0.8662291090159872,0.5469555128305966,0.508933419607916,0.7868127427238719,0.8770083743715874,1104
yolo_instance_segmentation_mots20_scaling,1.0,YOLO_Medium_Seg_MOTS20_Benchmark,medium,YOLOv8,YOLOv8m-Seg,MOTS20-11,900,8511,8392,6951,758,1560,0.9016733687897263,0.8167077899189285,0.8570900123304562,0.8631574005738875,0.643386356249257,0.5586178623859923,0.8172242881067502,0.8962219684297827,683
yolo_instance_segmentation_mots20_scaling,1.0,YOLO_Small_Seg_MOTS20_Benchmark,small,YOLO26,YOLO26s-Seg,MOTS20-02,600,7039,8324,5234,1147,1805,0.8202476100924619,0.7435715300468817,0.7800298062593145,0.7921059052560907,0.3970966528486249,0.41965144637490925,0.7669984412356331,0.8642224097210207,1943
yolo_instance_segmentation_mots20_scaling,1.0,YOLO_Small_Seg_MOTS20_Benchmark,small,YOLO26,YOLO26s-Seg,MOTS20-05,837,6570,6347,5200,545,1370,0.9051348999129678,0.791476407914764,0.8444985789687373,0.8467737819750207,0.6368170028424125,0.5811367378143568,0.8399717382803916,0.9088924222985403,602
yolo_instance_segmentation_mots20_scaling,1.0,YOLO_Small_Seg_MOTS20_Benchmark,small,YOLO26,YOLO26s-Seg,MOTS20-09,525,4774,5132,3976,367,798,0.915496200782869,0.8328445747800587,0.8722167379620489,0.8625732821075627,0.6135061112579477,0.5442206965049603,0.8097574400617447,0.8912114032531473,789
yolo_instance_segmentation_mots20_scaling,1.0,YOLO_Small_Seg_MOTS20_Benchmark,small,YOLO26,YOLO26s-Seg,MOTS20-11,900,8511,7859,6825,543,1686,0.9263029315960912,0.8019034191046881,0.8596259210277726,0.8558376857650107,0.679387816008997,0.5898926635345991,0.8400302655222652,0.9101317866395383,491
yolo_instance_segmentation_mots20_scaling,1.0,YOLO_Small_Seg_MOTS20_Benchmark,small,YOLO11,YOLO11s-Seg,MOTS20-02,600,7039,7472,4848,1043,2191,0.8229502631132236,0.6887341951981816,0.7498839907192575,0.7563667023981089,0.2984465615828699,0.3562590538413031,0.7402170123612201,0.8467348059158708,1581
yolo_instance_segmentation_mots20_scaling,1.0,YOLO_Small_Seg_MOTS20_Benchmark,small,YOLO11,YOLO11s-Seg,MOTS20-05,837,6570,6243,5080,673,1490,0.883017556057709,0.7732115677321156,0.8244745597662907,0.8335909808237327,0.587432058082591,0.5391780817446051,0.8222689616110515,0.8982856138107588,490
yolo_instance_segmentation_mots20_scaling,1.0,YOLO_Small_Seg_MOTS20_Benchmark,small,YOLO11,YOLO11s-Seg,MOTS20-09,525,4774,5362,3902,786,872,0.8323378839590444,0.8173439463762044,0.8247727753117734,0.8347551671166885,0.5181573333456168,0.48430850216943117,0.7824185068635396,0.8742356990171871,674
yolo_instance_segmentation_mots20_scaling,1.0,YOLO_Small_Seg_MOTS20_Benchmark,small,YOLO11,YOLO11s-Seg,MOTS20-11,900,8511,7794,6721,616,1790,0.9160419790104948,0.7896839384326166,0.8481827359919233,0.8448711700890352,0.6170206049650393,0.5376127321828972,0.8151275560115213,0.8950875487194964,457
yolo_instance_segmentation_mots20_scaling,1.0,YOLO_Small_Seg_MOTS20_Benchmark,small,YOLOv8,YOLOv8s-Seg,MOTS20-02,600,7039,7415,4923,1044,2116,0.8250377073906485,0.6993891177724109,0.757035214516377,0.7601835748774737,0.2974778796441134,0.3598633722557718,0.7401092637791995,0.8466310176544972,1448
yolo_instance_segmentation_mots20_scaling,1.0,YOLO_Small_Seg_MOTS20_Benchmark,small,YOLOv8,YOLOv8s-Seg,MOTS20-05,837,6570,6178,5076,625,1494,0.8903701105069286,0.7726027397260274,0.8273164371281884,0.8346211771679141,0.5749865123103038,0.534965949464656,0.8206884248066623,0.8971287288876789,477
yolo_instance_segmentation_mots20_scaling,1.0,YOLO_Small_Seg_MOTS20_Benchmark,small,YOLOv8,YOLOv8s-Seg,MOTS20-09,525,4774,5523,3879,757,895,0.8367126833477135,0.8125261834939255,0.824442082890542,0.8298470539980346,0.5049316643022064,0.4788211599813787,0.7807610829180895,0.8732121652868476,887
yolo_instance_segmentation_mots20_scaling,1.0,YOLO_Small_Seg_MOTS20_Benchmark,small,YOLOv8,YOLOv8s-Seg,MOTS20-11,900,8511,8031,6758,739,1753,0.9014272375616913,0.794031253671719,0.844327836081959,0.8435481035924625,0.6144614911053313,0.5416055951951178,0.8159810683354023,0.8953995264511103,534
yolo_instance_segmentation_mots20_scaling,1.0,YOLO_Nano_Seg_MOTS20_Benchmark,nano,YOLO26,YOLO26n-Seg,MOTS20-02,600,7039,5342,3873,585,3166,0.8687752355316285,0.5502202017332007,0.6737409759067583,0.6891709450391563,0.2882114050998113,0.3357522308180785,0.7633104561847338,0.862068728284616,884
yolo_instance_segmentation_mots20_scaling,1.0,YOLO_Nano_Seg_MOTS20_Benchmark,nano,YOLO26,YOLO26n-Seg,MOTS20-05,837,6570,5533,4686,528,1884,0.8987341772151899,0.7132420091324201,0.7953156822810591,0.7950361130540333,0.5813307141632322,0.5235443515301247,0.8326313247236996,0.9047723509868033,319
yolo_instance_segmentation_mots20_scaling,1.0,YOLO_Nano_Seg_MOTS20_Benchmark,nano,YOLO26,YOLO26n-Seg,MOTS20-09,525,4774,4929,3627,595,1147,0.8590715300805305,0.7597402597402597,0.8063583815028902,0.7969147470978778,0.4985961600122381,0.4686905478860314,0.7891892387359222,0.8780197389162094,707
yolo_instance_segmentation_mots20_scaling,1.0,YOLO_Nano_Seg_MOTS20_Benchmark,nano,YOLO26,YOLO26n-Seg,MOTS20-11,900,8511,6781,6292,303,2219,0.9540561031084155,0.7392785806603219,0.8330464716006885,0.8088100704880419,0.6237653103299824,0.5416286839530675,0.8348429764350207,0.907293981476999,186
yolo_instance_segmentation_mots20_scaling,1.0,YOLO_Nano_Seg_MOTS20_Benchmark,nano,YOLO11,YOLO11n-Seg,MOTS20-02,600,7039,5438,3971,661,3068,0.8572970639032815,0.5641426338968604,0.6804901036757776,0.6630372340001188,0.2209287171706311,0.2908884661949421,0.7301793400955386,0.8399586526999696,806
yolo_instance_segmentation_mots20_scaling,1.0,YOLO_Nano_Seg_MOTS20_Benchmark,nano,YOLO11,YOLO11n-Seg,MOTS20-05,837,6570,6036,4819,803,1751,0.8571682675204554,0.7334855403348554,0.7905183727034121,0.7898418109896551,0.5315272394275148,0.4896400591721644,0.8086904823869385,0.8898245981602226,414
yolo_instance_segmentation_mots20_scaling,1.0,YOLO_Nano_Seg_MOTS20_Benchmark,nano,YOLO11,YOLO11n-Seg,MOTS20-09,525,4774,4796,3607,924,1167,0.7960715073935114,0.755550900712191,0.7752821063944116,0.7726767682897886,0.43902890242015863,0.4259999812395069,0.76668144122003,0.8637612277811333,265
yolo_instance_segmentation_mots20_scaling,1.0,YOLO_Nano_Seg_MOTS20_Benchmark,nano,YOLO11,YOLO11n-Seg,MOTS20-11,900,8511,6947,6262,485,2249,0.9281161997925004,0.7357537304664552,0.8208153100013108,0.7978101360592994,0.5745430082015183,0.5017961418082267,0.8133408728192604,0.8940915306861144,200
yolo_instance_segmentation_mots20_scaling,1.0,YOLO_Nano_Seg_MOTS20_Benchmark,nano,YOLOv8,YOLOv8n-Seg,MOTS20-02,600,7039,6901,4101,1669,2938,0.7107452339688042,0.5826111663588578,0.6403310172534936,0.6423387778826944,0.1911930803774198,0.2717856717709092,0.7193309601851524,0.8325539186657307,1131
yolo_instance_segmentation_mots20_scaling,1.0,YOLO_Nano_Seg_MOTS20_Benchmark,nano,YOLOv8,YOLOv8n-Seg,MOTS20-05,837,6570,6076,4796,881,1774,0.8448124009159768,0.7299847792998478,0.7832122152363844,0.7845263549148136,0.5338009885478603,0.4857855897716084,0.8097698016406747,0.8906319761997723,399
yolo_instance_segmentation_mots20_scaling,1.0,YOLO_Nano_Seg_MOTS20_Benchmark,nano,YOLOv8,YOLOv8n-Seg,MOTS20-09,525,4774,5034,3561,859,1213,0.8056561085972851,0.745915374947633,0.7746356319338699,0.769823999465177,0.42018044958312956,0.4162781589155527,0.762920121608334,0.861124205262032,614
yolo_instance_segmentation_mots20_scaling,1.0,YOLO_Nano_Seg_MOTS20_Benchmark,nano,YOLOv8,YOLOv8n-Seg,MOTS20-11,900,8511,7117,6285,528,2226,0.9225011008366358,0.7384561156150864,0.8202819107282694,0.7922240585327384,0.5668335156232103,0.49578260029558774,0.8104972967530963,0.892141585076744,304
