tier,family,model,checkpoint,mask_map50_95,ap75,recall,inference_ms_mean,pipeline_ms_mean,fps,peak_allocated_vram_mib,parameters,checkpoint_mb,ap50,f1,gflops,display_order,family_size_index,pareto_accuracy_latency,pareto_accuracy_vram,preprocessing_ms_mean,postprocessing_ms_mean,rle_preparation_ms_mean
largest,YOLO26,YOLO26x-Seg,yolo26x-seg.pt,0.6037298757352638,0.6644261043391709,0.8462854168215959,72.45824582952385,109.63863453788993,9.120872438943143,952.18408203125,70693800,142.129861,0.9036869055768179,0.8933723235138264,338.2033408,1,0,True,True,1.7167626899511863,35.46362601841489,205.00718040120168
largest,YOLO11,YOLO11x-Seg,yolo11x-seg.pt,0.5366738467470231,0.5758446672083074,0.8222280062467465,69.40603260455343,105.8851853183781,9.444191810149608,942.47802734375,62142656,125.090821,0.8758063224736697,0.8766129511803532,297.8924032,2,0,False,False,1.6817618914258976,34.79739082239879,195.78215693084834
largest,YOLOv9,YOLOv9e-Seg,yolov9e-seg.pt,0.5366419441506356,0.5720999620827557,0.8265784189782107,65.8879176088764,103.37558938772418,9.67346358964266,855.4072265625,60512800,122.212466,0.8820368560899167,0.8771133776559017,238.3325696,3,0,False,False,1.6976542592359085,35.790017519611865,215.13600670848973
largest,YOLOv8,YOLOv8x-Seg,yolov8x-seg.pt,0.5247580626734066,0.5604524271949338,0.8142708410797947,67.84281638412115,109.4412234685539,9.137324751192436,1001.13330078125,71827888,144.101612,0.8664019816376334,0.8646162349968415,329.1888128,4,0,False,False,1.7109290533699095,39.887478031062834,232.7185331750661
second_largest,YOLO26,YOLO26l-Seg,yolo26l-seg.pt,0.5862366580892475,0.6435370937329495,0.8343868520859671,36.26607983993987,76.40285129503657,13.088516764098356,777.52001953125,31515528,63.700037,0.889889991218281,0.8821448227061875,151.3039872,5,1,True,True,1.6538919694721699,38.48287948562453,230.0581656047143
second_largest,YOLO11,YOLO11l-Seg,yolo11l-seg.pt,0.5282280924728132,0.5657284944123087,0.8097716962891351,35.38676935752543,76.81036997858125,13.01907542274373,794.47265625,27678368,56.096965,0.867131944606602,0.8664239820174653,133.1761664,6,1,False,False,1.714808688654254,39.70879193240156,242.01322626206093
second_largest,YOLOv9,YOLOv9c-Seg,yolov9c-seg.pt,0.5176464087892373,0.5591798822616316,0.8029300215661486,35.292866125625245,76.92052417007896,13.000431429573986,838.4853515625,27897120,56.470235,0.85541398841877,0.8569557711768557,149.3395968,7,1,False,False,1.689953871925051,39.93770417252866,254.25734916119836
second_largest,YOLOv8,YOLOv8l-Seg,yolov8l-seg.pt,0.5201446012109309,0.5581492684388618,0.8093998661411467,40.08965912469042,83.55832827626728,11.967687968741062,855.2744140625,45997728,92.417004,0.8599775759372985,0.8565020657092268,211.0597632,8,1,False,False,1.720575458991031,41.748093692585826,259.78774997444515
medium,YOLO26,YOLO26m-Seg,yolo26m-seg.pt,0.5742218072723807,0.62903846570279,0.8153119654941623,32.043173607283585,77.30939841169554,12.935037919642093,912.16162109375,27112072,54.750385,0.873521636178406,0.8637608083354671,132.7808512,9,2,True,False,1.7064105222622554,43.559814282149695,261.5913712027638
medium,YOLO11,YOLO11m-Seg,yolo11m-seg.pt,0.5183068044898015,0.5572051330954575,0.8050494534096825,30.573980881211657,76.97128645920505,12.991857691374332,889.384765625,22420896,45.400152,0.8552371459363141,0.8562276313447887,113.9681792,10,2,False,False,1.7337930866051465,44.663512491388246,278.8665926103325
medium,YOLOv8,YOLOv8m-Seg,yolov8m-seg.pt,0.5069711513246001,0.5421314208904946,0.7938573659552316,27.231897604263697,78.11159594760586,12.80219649680132,1018.76171875,27285968,54.92102,0.8437322845971498,0.8415783042295715,104.9772544,11,2,False,False,1.7313925091487665,49.1483058341934,312.8794395488997
small,YOLO26,YOLO26s-Seg,yolo26s-seg.pt,0.5366399393629823,0.5867955790478256,0.789581319253365,17.308160424387705,78.8279549816313,12.685854913184324,872.671875,11505800,23.467933,0.8379799950681763,0.837160710413751,37.6619008,12,3,True,False,1.7094929873322446,59.81030156991134,279.9558118792872
small,YOLO11,YOLO11s-Seg,yolo11s-seg.pt,0.48326878058552125,0.5138229623115437,0.7641481371309585,15.69301294706141,88.83594810574625,11.256704310845489,1007.49609375,10113248,20.669228,0.8174290444935518,0.8128868935783082,33.3635072,13,3,True,False,1.699525356137504,71.44340980254735,330.74381207504
small,YOLOv8,YOLOv8s-Seg,yolov8s-seg.pt,0.48276342542590744,0.5064107384818828,0.76730869338886,15.220344315748662,92.17317551840097,10.84914341266636,1139.009765625,11821056,23.914764,0.8170236987245912,0.8141236808363744,40.3390976,14,3,True,False,1.6976274029972653,75.25520379965504,344.7054569857816
nano,YOLO26,YOLO26n-Seg,yolo26n-seg.pt,0.47269783674692284,0.5067662348681301,0.6870677474529635,13.042352374177426,82.39024182548746,12.137359690218187,1043.1328125,3126280,6.719965,0.7743672327107773,0.7799421733533124,10.6303744,15,4,True,False,1.7204084806144238,67.62748097069561,336.79068337349844
nano,YOLO11,YOLO11n-Seg,yolo11n-seg.pt,0.4319294631557555,0.4508256007370383,0.6937978731315535,11.745314888345698,97.44068898571034,10.262653214065942,1030.0,2876848,6.182636,0.7577319139627919,0.7706190889191756,9.9593344,16,4,True,False,1.7532406064371269,83.94213349092752,409.8597890635331
nano,YOLOv8,YOLOv8n-Seg,yolov8n-seg.pt,0.42306210012717366,0.4391153068545511,0.696921246374656,9.045145171694458,95.68253288666408,10.451228346813306,1117.08544921875,3409968,7.071756,0.7500241314296752,0.7561625045386695,12.1411072,17,4,True,False,1.726164457698663,84.91122325727095,405.9911046254759
