family,larger_model,smaller_model,larger_tier,smaller_tier,metric,unit,larger_value,smaller_value,delta_absolute,delta_relative_pct,delta_percentage_points
YOLO26,YOLO26x-Seg,YOLO26l-Seg,largest,second_largest,mask_map50_95,fraction,0.6037298757352638,0.5862366580892475,-0.0174932176460163,-2.8975239339798871833384078036676677501269200450023,-1.7493217646016300
YOLO26,YOLO26x-Seg,YOLO26l-Seg,largest,second_largest,ap50,fraction,0.9036869055768179,0.889889991218281,-0.0137969143585369,-1.5267361155056698315218610915781791494081315886885,-1.3796914358536900
YOLO26,YOLO26x-Seg,YOLO26l-Seg,largest,second_largest,ap75,fraction,0.6644261043391709,0.6435370937329495,-0.0208890106062214,-3.1439178066306295635835876239936945047258363595345,-2.0889010606221400
YOLO26,YOLO26x-Seg,YOLO26l-Seg,largest,second_largest,recall,fraction,0.8462854168215959,0.8343868520859671,-0.0118985647356288,-1.4059753954305841182230101834377582463612842403022,-1.1898564735628800
YOLO26,YOLO26x-Seg,YOLO26l-Seg,largest,second_largest,f1,fraction,0.8933723235138264,0.8821448227061875,-0.0112275008076389,-1.2567549399200898834411774445748082369157150987039,-1.1227500807638900
YOLO26,YOLO26x-Seg,YOLO26l-Seg,largest,second_largest,inference_ms_mean,ms/frame,72.45824582952385,36.26607983993987,-36.19216598958398,-49.948995556330613617259671681922888094727528448177,
YOLO26,YOLO26x-Seg,YOLO26l-Seg,largest,second_largest,pipeline_ms_mean,ms/frame,109.63863453788993,76.40285129503657,-33.23578324285336,-30.313933936642955591680357690318759531238602973248,
YOLO26,YOLO26x-Seg,YOLO26l-Seg,largest,second_largest,fps,frames/s,9.120872438943143,13.088516764098356,3.967644325155213,43.500710614202530226110063160490379911683797371726,
YOLO26,YOLO26x-Seg,YOLO26l-Seg,largest,second_largest,peak_allocated_vram_mib,MiB,952.18408203125,777.52001953125,-174.66406250000,-18.343518422130863818944213883275138930696440594788,
YOLO26,YOLO26x-Seg,YOLO26l-Seg,largest,second_largest,parameters,count,70693800,31515528,-39178272,-55.419671880702409546523174592397070181543501693218,
YOLO26,YOLO26x-Seg,YOLO26l-Seg,largest,second_largest,checkpoint_mb,MB,142.129861,63.700037,-78.429824,-55.181805883845900616197746087994837341042639871434,
YOLO26,YOLO26l-Seg,YOLO26m-Seg,second_largest,medium,mask_map50_95,fraction,0.5862366580892475,0.5742218072723807,-0.0120148508168668,-2.0494881463106462828227650613308717299436996744101,-1.2014850816866800
YOLO26,YOLO26l-Seg,YOLO26m-Seg,second_largest,medium,ap50,fraction,0.889889991218281,0.873521636178406,-0.016368355039875,-1.8393683715294206882412126407993500665788217277714,-1.636835503987500
YOLO26,YOLO26l-Seg,YOLO26m-Seg,second_largest,medium,ap75,fraction,0.6435370937329495,0.62903846570279,-0.0144986280301595,-2.2529591800307378637396752173552440733623454616486,-1.4498628030159500
YOLO26,YOLO26l-Seg,YOLO26m-Seg,second_largest,medium,recall,fraction,0.8343868520859671,0.8153119654941623,-0.0190748865918048,-2.2860962566844844464207583859987549537214021596519,-1.9074886591804800
YOLO26,YOLO26l-Seg,YOLO26m-Seg,second_largest,medium,f1,fraction,0.8821448227061875,0.8637608083354671,-0.0183840143707204,-2.0840131798680284522964038407561307577521890283338,-1.8384014370720400
YOLO26,YOLO26l-Seg,YOLO26m-Seg,second_largest,medium,inference_ms_mean,ms/frame,36.26607983993987,32.043173607283585,-4.222906232656285,-11.644231334883882713863417333379603768176563843758,
YOLO26,YOLO26l-Seg,YOLO26m-Seg,second_largest,medium,pipeline_ms_mean,ms/frame,76.40285129503657,77.30939841169554,0.90654711665897,1.1865357133835957632104698783537642986933581146737,
YOLO26,YOLO26l-Seg,YOLO26m-Seg,second_largest,medium,fps,frames/s,13.088516764098356,12.935037919642093,-0.153478844456263,-1.1726221329925910600672995183166058470409926362920,
YOLO26,YOLO26l-Seg,YOLO26m-Seg,second_largest,medium,peak_allocated_vram_mib,MiB,777.52001953125,912.16162109375,134.64160156250,17.316801906100438280013137724423042262401553416593,
YOLO26,YOLO26l-Seg,YOLO26m-Seg,second_largest,medium,parameters,count,31515528,27112072,-4403456,-13.972337699688864486103485240672471043480534421000,
YOLO26,YOLO26l-Seg,YOLO26m-Seg,second_largest,medium,checkpoint_mb,MB,63.700037,54.750385,-8.949652,-14.049681007249650420140258317275388709742821656446,
YOLO26,YOLO26m-Seg,YOLO26s-Seg,medium,small,mask_map50_95,fraction,0.5742218072723807,0.5366399393629823,-0.0375818679093984,-6.5448346672719682203643551380475571044448504593301,-3.7581867909398400
YOLO26,YOLO26m-Seg,YOLO26s-Seg,medium,small,ap50,fraction,0.873521636178406,0.8379799950681763,-0.0355416411102297,-4.0687762773366221457455492143827328701207283657634,-3.5541641110229700
YOLO26,YOLO26m-Seg,YOLO26s-Seg,medium,small,ap75,fraction,0.62903846570279,0.5867955790478256,-0.0422428866549644,-6.7154695552312133269609444089323184375481011725977,-4.2242886654964400
YOLO26,YOLO26m-Seg,YOLO26s-Seg,medium,small,recall,fraction,0.8153119654941623,0.789581319253365,-0.0257306462407973,-3.1559264833310647052336701618415565818208054434075,-2.5730646240797300
YOLO26,YOLO26m-Seg,YOLO26s-Seg,medium,small,f1,fraction,0.8637608083354671,0.837160710413751,-0.0266000979217161,-3.0795675915160489555577595197176502727163872943372,-2.6600097921716100
YOLO26,YOLO26m-Seg,YOLO26s-Seg,medium,small,inference_ms_mean,ms/frame,32.043173607283585,17.308160424387705,-14.735013182895880,-45.984874542971400858744267742451800486924747140228,
YOLO26,YOLO26m-Seg,YOLO26s-Seg,medium,small,pipeline_ms_mean,ms/frame,77.30939841169554,78.8279549816313,1.51855656993576,1.9642586815240685409328963995246620990844928555759,
YOLO26,YOLO26m-Seg,YOLO26s-Seg,medium,small,fps,frames/s,12.935037919642093,12.685854913184324,-0.249183006457769,-1.9264188323667766089576253763144899095557185765142,
YOLO26,YOLO26m-Seg,YOLO26s-Seg,medium,small,peak_allocated_vram_mib,MiB,912.16162109375,872.671875,-39.48974609375,-4.3292488064120524145565537734187602744382414925912,
YOLO26,YOLO26m-Seg,YOLO26s-Seg,medium,small,parameters,count,27112072,11505800,-15606272,-57.562077881764256158658770159654341431374186377198,
YOLO26,YOLO26m-Seg,YOLO26s-Seg,medium,small,checkpoint_mb,MB,54.750385,23.467933,-31.282452,-57.136496848378326472042160068828739743108655765617,
YOLO26,YOLO26s-Seg,YOLO26n-Seg,small,nano,mask_map50_95,fraction,0.5366399393629823,0.47269783674692284,-0.06394210261605946,-11.915270915534509923899230799611119209161800467267,-6.39421026160594600
YOLO26,YOLO26s-Seg,YOLO26n-Seg,small,nano,ap50,fraction,0.8379799950681763,0.7743672327107773,-0.0636127623573990,-7.5912029799975831980031823654906888774780323340325,-6.3612762357399000
YOLO26,YOLO26s-Seg,YOLO26n-Seg,small,nano,ap75,fraction,0.5867955790478256,0.5067662348681301,-0.0800293441796955,-13.638368630785622938736385932418841725715369513993,-8.0029344179695500
YOLO26,YOLO26s-Seg,YOLO26n-Seg,small,nano,recall,fraction,0.789581319253365,0.6870677474529635,-0.1025135718004015,-12.983282316929588699870360989451608324978105588567,-10.2513571800401500
YOLO26,YOLO26s-Seg,YOLO26n-Seg,small,nano,f1,fraction,0.837160710413751,0.7799421733533124,-0.0572185370604386,-6.8348330671370625881844995055681425195786785841655,-5.7218537060438600
YOLO26,YOLO26s-Seg,YOLO26n-Seg,small,nano,inference_ms_mean,ms/frame,17.308160424387705,13.042352374177426,-4.265808050210279,-24.646224356689174837162338025123794388512733795343,
YOLO26,YOLO26s-Seg,YOLO26n-Seg,small,nano,pipeline_ms_mean,ms/frame,78.8279549816313,82.39024182548746,3.56228684385616,4.5190654060304540023111293503967271724686040937244,
YOLO26,YOLO26s-Seg,YOLO26n-Seg,small,nano,fps,frames/s,12.685854913184324,12.137359690218187,-0.548495222966137,-4.3236756743614463884732118215966123042633938748744,
YOLO26,YOLO26s-Seg,YOLO26n-Seg,small,nano,peak_allocated_vram_mib,MiB,872.671875,1043.1328125,170.4609375,19.533222323682655637320728366546704624805285491755,
YOLO26,YOLO26s-Seg,YOLO26n-Seg,small,nano,parameters,count,11505800,3126280,-8379520,-72.828660327834657303273131811781883919414556136905,
YOLO26,YOLO26s-Seg,YOLO26n-Seg,small,nano,checkpoint_mb,MB,23.467933,6.719965,-16.747968,-71.365330725974034440953960453185203826855991109230,
YOLO11,YOLO11x-Seg,YOLO11l-Seg,largest,second_largest,mask_map50_95,fraction,0.5366738467470231,0.5282280924728132,-0.0084457542742099,-1.5737219775852153782171861119472648148689682960173,-0.8445754274209900
YOLO11,YOLO11x-Seg,YOLO11l-Seg,largest,second_largest,ap50,fraction,0.8758063224736697,0.867131944606602,-0.0086743778670677,-0.99044476438208027183956472086511717431657933108254,-0.8674377867067700
YOLO11,YOLO11x-Seg,YOLO11l-Seg,largest,second_largest,ap75,fraction,0.5758446672083074,0.5657284944123087,-0.0101161727959987,-1.7567537518480225736158345329414623364268295437752,-1.0116172795998700
YOLO11,YOLO11x-Seg,YOLO11l-Seg,largest,second_largest,recall,fraction,0.8222280062467465,0.8097716962891351,-0.0124563099576114,-1.5149459593904082936713720013638367950038885494513,-1.2456309957611400
YOLO11,YOLO11x-Seg,YOLO11l-Seg,largest,second_largest,f1,fraction,0.8766129511803532,0.8664239820174653,-0.0101889691628879,-1.1623110460743848666287126885853394775284703181865,-1.0188969162887900
YOLO11,YOLO11x-Seg,YOLO11l-Seg,largest,second_largest,inference_ms_mean,ms/frame,69.40603260455343,35.38676935752543,-34.01926324702800,-49.014850684313776904293548668141025924135975009271,
YOLO11,YOLO11x-Seg,YOLO11l-Seg,largest,second_largest,pipeline_ms_mean,ms/frame,105.8851853183781,76.81036997858125,-29.07481533979685,-27.458813291372161233303647848819718025932437407253,
YOLO11,YOLO11x-Seg,YOLO11l-Seg,largest,second_largest,fps,frames/s,9.444191810149608,13.01907542274373,3.574883612594122,37.852721381116160331310972546326674830558016677125,
YOLO11,YOLO11x-Seg,YOLO11l-Seg,largest,second_largest,peak_allocated_vram_mib,MiB,942.47802734375,794.47265625,-148.00537109375,-15.703853755708620113511847248594053968640474148985,
YOLO11,YOLO11x-Seg,YOLO11l-Seg,largest,second_largest,parameters,count,62142656,27678368,-34464288,-55.459953304860352283623023772913729339151516150195,
YOLO11,YOLO11x-Seg,YOLO11l-Seg,largest,second_largest,checkpoint_mb,MB,125.090821,56.096965,-68.993856,-55.155010934015694085179918996614467819345433826835,
YOLO11,YOLO11l-Seg,YOLO11m-Seg,second_largest,medium,mask_map50_95,fraction,0.5282280924728132,0.5183068044898015,-0.0099212879830117,-1.8782204362828976260045008514549217462309327414850,-0.9921287983011700
YOLO11,YOLO11l-Seg,YOLO11m-Seg,second_largest,medium,ap50,fraction,0.867131944606602,0.8552371459363141,-0.0118947986702879,-1.3717403382808482572960786754589726927523226461036,-1.1894798670287900
YOLO11,YOLO11l-Seg,YOLO11m-Seg,second_largest,medium,ap75,fraction,0.5657284944123087,0.5572051330954575,-0.0085233613168512,-1.5066169374596301121046920539188187953431985290041,-0.8523361316851200
YOLO11,YOLO11l-Seg,YOLO11m-Seg,second_largest,medium,recall,fraction,0.8097716962891351,0.8050494534096825,-0.0047222428794526,-0.58315731472127021773842545302692153220988319168461,-0.4722242879452600
YOLO11,YOLO11l-Seg,YOLO11m-Seg,second_largest,medium,f1,fraction,0.8664239820174653,0.8562276313447887,-0.0101963506726766,-1.1768315379422476375317797497625316275426832037591,-1.0196350672676600
YOLO11,YOLO11l-Seg,YOLO11m-Seg,second_largest,medium,inference_ms_mean,ms/frame,35.38676935752543,30.573980881211657,-4.812788476313773,-13.600530830289752270754057676336008665362121007224,
YOLO11,YOLO11l-Seg,YOLO11m-Seg,second_largest,medium,pipeline_ms_mean,ms/frame,76.81036997858125,76.97128645920505,0.16091648062380,0.20949837980037322333363638239572761158992582356707,
YOLO11,YOLO11l-Seg,YOLO11m-Seg,second_largest,medium,fps,frames/s,13.01907542274373,12.991857691374332,-0.027217731369398,-0.20906040164610972844272219100331856306877933110179,
YOLO11,YOLO11l-Seg,YOLO11m-Seg,second_largest,medium,peak_allocated_vram_mib,MiB,794.47265625,889.384765625,94.912109375,11.946554564004228433758635100916980111610984094206,
YOLO11,YOLO11l-Seg,YOLO11m-Seg,second_largest,medium,parameters,count,27678368,22420896,-5257472,-18.994877154606803406906071918691159825608215050830,
YOLO11,YOLO11l-Seg,YOLO11m-Seg,second_largest,medium,checkpoint_mb,MB,56.096965,45.400152,-10.696813,-19.068434450954699599167263326991041315693282158848,
YOLO11,YOLO11m-Seg,YOLO11s-Seg,medium,small,mask_map50_95,fraction,0.5183068044898015,0.48326878058552125,-0.03503802390428025,-6.7600933656987476655635507445228801202589972806472,-3.50380239042802500
YOLO11,YOLO11m-Seg,YOLO11s-Seg,medium,small,ap50,fraction,0.8552371459363141,0.8174290444935518,-0.0378081014427623,-4.4207740066493451528706980770818951199615338789557,-3.7808101442762300
YOLO11,YOLO11m-Seg,YOLO11s-Seg,medium,small,ap75,fraction,0.5572051330954575,0.5138229623115437,-0.0433821707839138,-7.7856732121098013993977845012367931398313030595405,-4.3382170783913800
YOLO11,YOLO11m-Seg,YOLO11s-Seg,medium,small,recall,fraction,0.8050494534096825,0.7641481371309585,-0.0409013162787240,-5.0805967391806530752348975218856264423672514997968,-4.0901316278724000
YOLO11,YOLO11m-Seg,YOLO11s-Seg,medium,small,f1,fraction,0.8562276313447887,0.8128868935783082,-0.0433407377664805,-5.0618242369041115442925239538180568786668975557487,-4.3340737766480500
YOLO11,YOLO11m-Seg,YOLO11s-Seg,medium,small,inference_ms_mean,ms/frame,30.573980881211657,15.69301294706141,-14.880967934150247,-48.671999868014927948627690658991136852545803518363,
YOLO11,YOLO11m-Seg,YOLO11s-Seg,medium,small,pipeline_ms_mean,ms/frame,76.97128645920505,88.83594810574625,11.86466164654120,15.414399566817031953965359247443774143381459448395,
YOLO11,YOLO11m-Seg,YOLO11s-Seg,medium,small,fps,frames/s,12.991857691374332,11.256704310845489,-1.735153380528843,-13.355698790334358701714057963696484678061239048211,
YOLO11,YOLO11m-Seg,YOLO11s-Seg,medium,small,peak_allocated_vram_mib,MiB,889.384765625,1007.49609375,118.111328125,13.280115950940454360787500137252533681771765506791,
YOLO11,YOLO11m-Seg,YOLO11s-Seg,medium,small,parameters,count,22420896,10113248,-12307648,-54.893649210094012299954471043440904413454306197219,
YOLO11,YOLO11m-Seg,YOLO11s-Seg,medium,small,checkpoint_mb,MB,45.400152,20.669228,-24.730924,-54.473218503761837625565658899115580053564578374099,
YOLO11,YOLO11s-Seg,YOLO11n-Seg,small,nano,mask_map50_95,fraction,0.48326878058552125,0.4319294631557555,-0.05133931742976575,-10.623346570735191784414290299075421810244984535082,-5.13393174297657500
YOLO11,YOLO11s-Seg,YOLO11n-Seg,small,nano,ap50,fraction,0.8174290444935518,0.7577319139627919,-0.0596971305307599,-7.3030351604090591269923363911773408774657134530605,-5.9697130530759900
YOLO11,YOLO11s-Seg,YOLO11n-Seg,small,nano,ap75,fraction,0.5138229623115437,0.4508256007370383,-0.0629973615745054,-12.260518932649126272022153029912688026376661803053,-6.2997361574505400
YOLO11,YOLO11s-Seg,YOLO11n-Seg,small,nano,recall,fraction,0.7641481371309585,0.6937978731315535,-0.0703502639994050,-9.2063646537881283802526464701891745857043566671917,-7.0350263999405000
YOLO11,YOLO11s-Seg,YOLO11n-Seg,small,nano,f1,fraction,0.8128868935783082,0.7706190889191756,-0.0422678046591326,-5.1997153593005736531792400196351664226880605508728,-4.2267804659132600
YOLO11,YOLO11s-Seg,YOLO11n-Seg,small,nano,inference_ms_mean,ms/frame,15.69301294706141,11.745314888345698,-3.947698058715712,-25.155768825481896432951891882489531748392835749270,
YOLO11,YOLO11s-Seg,YOLO11n-Seg,small,nano,pipeline_ms_mean,ms/frame,88.83594810574625,97.44068898571034,8.60474087996409,9.6861023757200181693509594636089334333590251428696,
YOLO11,YOLO11s-Seg,YOLO11n-Seg,small,nano,fps,frames/s,11.256704310845489,10.262653214065942,-0.994051096779547,-8.8307471647967983633020489056987687698060937776898,
YOLO11,YOLO11s-Seg,YOLO11n-Seg,small,nano,peak_allocated_vram_mib,MiB,1007.49609375,1030.0,22.50390625,2.2336469977008285547012821854923444957525424648824,
YOLO11,YOLO11s-Seg,YOLO11n-Seg,small,nano,parameters,count,10113248,2876848,-7236400,-71.553669009204560196684586395982774277858112448147,
YOLO11,YOLO11s-Seg,YOLO11n-Seg,small,nano,checkpoint_mb,MB,20.669228,6.182636,-14.486592,-70.087726546922797503612616784719777632720486706131,
YOLOv8,YOLOv8x-Seg,YOLOv8l-Seg,largest,second_largest,mask_map50_95,fraction,0.5247580626734066,0.5201446012109309,-0.0046134614624757,-0.87915971009043411089321210439903460444177237574393,-0.4613461462475700
YOLOv8,YOLOv8x-Seg,YOLOv8l-Seg,largest,second_largest,ap50,fraction,0.8664019816376334,0.8599775759372985,-0.0064244057003349,-0.74150404044457310350677665459126192682649007852058,-0.6424405700334900
YOLOv8,YOLOv8x-Seg,YOLOv8l-Seg,largest,second_largest,ap75,fraction,0.5604524271949338,0.5581492684388618,-0.0023031587560720,-0.41094634340318891630798746175507601776828127210084,-0.2303158756072000
YOLOv8,YOLOv8x-Seg,YOLOv8l-Seg,largest,second_largest,recall,fraction,0.8142708410797947,0.8093998661411467,-0.0048709749386480,-0.59820083108817443721230887995776208399980561484439,-0.4870974938648000
YOLOv8,YOLOv8x-Seg,YOLOv8l-Seg,largest,second_largest,f1,fraction,0.8646162349968415,0.8565020657092268,-0.0081141692876147,-0.93847061380293669761324407187358843822891288767224,-0.8114169287614700
YOLOv8,YOLOv8x-Seg,YOLOv8l-Seg,largest,second_largest,inference_ms_mean,ms/frame,67.84281638412115,40.08965912469042,-27.75315725943073,-40.908026433180999477617738074257931606454217860112,
YOLOv8,YOLOv8x-Seg,YOLOv8l-Seg,largest,second_largest,pipeline_ms_mean,ms/frame,109.4412234685539,83.55832827626728,-25.88289519228662,-23.650041887300022575060349539107676895093683948177,
YOLOv8,YOLOv8x-Seg,YOLOv8l-Seg,largest,second_largest,fps,frames/s,9.137324751192436,11.967687968741062,2.830363217548626,30.975841338891439932373821662932565638705064429284,
YOLOv8,YOLOv8x-Seg,YOLOv8l-Seg,largest,second_largest,peak_allocated_vram_mib,MiB,1001.13330078125,855.2744140625,-145.85888671875,-14.569377185328541238176851332059711625643009070287,
YOLOv8,YOLOv8x-Seg,YOLOv8l-Seg,largest,second_largest,parameters,count,71827888,45997728,-25830160,-35.961185438168528636119719961695100933498142114383,
YOLOv8,YOLOv8x-Seg,YOLOv8l-Seg,largest,second_largest,checkpoint_mb,MB,144.101612,92.417004,-51.684608,-35.866779894176339956557876673857055811422845151795,
YOLOv8,YOLOv8l-Seg,YOLOv8m-Seg,second_largest,medium,mask_map50_95,fraction,0.5201446012109309,0.5069711513246001,-0.0131734498863308,-2.5326514695456111177484309904109097493155281962796,-1.3173449886330800
YOLOv8,YOLOv8l-Seg,YOLOv8m-Seg,second_largest,medium,ap50,fraction,0.8599775759372985,0.8437322845971498,-0.0162452913401487,-1.8890366208029073419459410354451188874184809231810,-1.6245291340148700
YOLOv8,YOLOv8l-Seg,YOLOv8m-Seg,second_largest,medium,ap75,fraction,0.5581492684388618,0.5421314208904946,-0.0160178475483672,-2.8698143049025160210095142407154904003098443462212,-1.6017847548367200
YOLOv8,YOLOv8l-Seg,YOLOv8m-Seg,second_largest,medium,recall,fraction,0.8093998661411467,0.7938573659552316,-0.0155425001859151,-1.9202499081220172357840173769264795436773290370083,-1.5542500185915100
YOLOv8,YOLOv8l-Seg,YOLOv8m-Seg,second_largest,medium,f1,fraction,0.8565020657092268,0.8415783042295715,-0.0149237614796553,-1.7424081128511552039615179659736433791902229936080,-1.4923761479655300
YOLOv8,YOLOv8l-Seg,YOLOv8m-Seg,second_largest,medium,inference_ms_mean,ms/frame,40.08965912469042,27.231897604263697,-12.857761520426723,-32.072513962853539450558254122922872927056210358854,
YOLOv8,YOLOv8l-Seg,YOLOv8m-Seg,second_largest,medium,pipeline_ms_mean,ms/frame,83.55832827626728,78.11159594760586,-5.44673232866142,-6.5184792958674263467118547727951059308520161769111,
YOLOv8,YOLOv8l-Seg,YOLOv8m-Seg,second_largest,medium,fps,frames/s,11.967687968741062,12.80219649680132,0.834508528060258,6.9730137537003642307575996355076686520534971265197,
YOLOv8,YOLOv8l-Seg,YOLOv8m-Seg,second_largest,medium,peak_allocated_vram_mib,MiB,855.2744140625,1018.76171875,163.4873046875,19.115187125842514452484068869526296498862184446010,
YOLOv8,YOLOv8l-Seg,YOLOv8m-Seg,second_largest,medium,parameters,count,45997728,27285968,-18711760,-40.679748356266639952303731175591977064606321425267,
YOLOv8,YOLOv8l-Seg,YOLOv8m-Seg,second_largest,medium,checkpoint_mb,MB,92.417004,54.92102,-37.495984,-40.572602851310782591480676002004998993475269983866,
YOLOv8,YOLOv8m-Seg,YOLOv8s-Seg,medium,small,mask_map50_95,fraction,0.5069711513246001,0.48276342542590744,-0.02420772589869266,-4.7749710876927391622680875161945113627077174500092,-2.42077258986926600
YOLOv8,YOLOv8m-Seg,YOLOv8s-Seg,medium,small,ap50,fraction,0.8437322845971498,0.8170236987245912,-0.0267085858725586,-3.1655284928810016870017129969241102124632781877167,-2.6708585872558600
YOLOv8,YOLOv8m-Seg,YOLOv8s-Seg,medium,small,ap75,fraction,0.5421314208904946,0.5064107384818828,-0.0357206824086118,-6.5889341646971313829803368857785038488147865079490,-3.5720682408611800
YOLOv8,YOLOv8m-Seg,YOLOv8s-Seg,medium,small,recall,fraction,0.7938573659552316,0.76730869338886,-0.0265486725663716,-3.3442622950819571687782854071479810296568611469281,-2.6548672566371600
YOLOv8,YOLOv8m-Seg,YOLOv8s-Seg,medium,small,f1,fraction,0.8415783042295715,0.8141236808363744,-0.0274546233931971,-3.2622779431476217799154263208669239961527085158997,-2.7454623393197100
YOLOv8,YOLOv8m-Seg,YOLOv8s-Seg,medium,small,inference_ms_mean,ms/frame,27.231897604263697,15.220344315748662,-12.011553288515035,-44.108396201645480021202516998669930804980774165242,
YOLOv8,YOLOv8m-Seg,YOLOv8s-Seg,medium,small,pipeline_ms_mean,ms/frame,78.11159594760586,92.17317551840097,14.06157957079511,18.001910472072617970080125313159571043398299115380,
YOLOv8,YOLOv8m-Seg,YOLOv8s-Seg,medium,small,fps,frames/s,12.80219649680132,10.84914341266636,-1.95305308413496,-15.255609337217547978955878889167697955987703523990,
YOLOv8,YOLOv8m-Seg,YOLOv8s-Seg,medium,small,peak_allocated_vram_mib,MiB,1018.76171875,1139.009765625,120.248046875,11.803353489031951319578379083062694830964367741169,
YOLOv8,YOLOv8m-Seg,YOLOv8s-Seg,medium,small,parameters,count,27285968,11821056,-15464912,-56.677160949540071292321386582290208652300699025961,
YOLOv8,YOLOv8m-Seg,YOLOv8s-Seg,medium,small,checkpoint_mb,MB,54.92102,23.914764,-31.006256,-56.456081842616906969317030164406997539375634319974,
YOLOv8,YOLOv8s-Seg,YOLOv8n-Seg,small,nano,mask_map50_95,fraction,0.48276342542590744,0.42306210012717366,-0.05970132529873378,-12.366580017130252904616578687256990915895947123392,-5.97013252987337800
YOLOv8,YOLOv8s-Seg,YOLOv8n-Seg,small,nano,ap50,fraction,0.8170236987245912,0.7500241314296752,-0.0669995672949160,-8.2004435611237689699339111379763471779252515962279,-6.6999567294916000
YOLOv8,YOLOv8s-Seg,YOLOv8n-Seg,small,nano,ap75,fraction,0.5064107384818828,0.4391153068545511,-0.0672954316273317,-13.288705494095528811890760319235977818538423543588,-6.7295431627331700
YOLOv8,YOLOv8s-Seg,YOLOv8n-Seg,small,nano,recall,fraction,0.76730869338886,0.696921246374656,-0.070387447014204,-9.1732893971700053253749227746266488992568748455910,-7.038744701420400
YOLOv8,YOLOv8s-Seg,YOLOv8n-Seg,small,nano,f1,fraction,0.8141236808363744,0.7561625045386695,-0.0579611762977049,-7.1194558839216657556976443144091278061370900998958,-5.7961176297704900
YOLOv8,YOLOv8s-Seg,YOLOv8n-Seg,small,nano,inference_ms_mean,ms/frame,15.220344315748662,9.045145171694458,-6.175199144054204,-40.572006887286089636648973637916489282672983032359,
YOLOv8,YOLOv8s-Seg,YOLOv8n-Seg,small,nano,pipeline_ms_mean,ms/frame,92.17317551840097,95.68253288666408,3.50935736826311,3.8073521374583869852589850811406510920466585582134,
YOLOv8,YOLOv8s-Seg,YOLOv8n-Seg,small,nano,fps,frames/s,10.84914341266636,10.451228346813306,-0.397915065853054,-3.6677095206289623599487251981976627849307487268962,
YOLOv8,YOLOv8s-Seg,YOLOv8n-Seg,small,nano,peak_allocated_vram_mib,MiB,1139.009765625,1117.08544921875,-21.92431640625,-1.9248576322977915644242789018010093059863882587157,
YOLOv8,YOLOv8s-Seg,YOLOv8n-Seg,small,nano,parameters,count,11821056,3409968,-8411088,-71.153440098752598752598752598752598752598752598753,
YOLOv8,YOLOv8s-Seg,YOLOv8n-Seg,small,nano,checkpoint_mb,MB,23.914764,7.071756,-16.843008,-70.429329764659187102996291328653713664077972920828,
YOLOv9,YOLOv9e-Seg,YOLOv9c-Seg,largest,second_largest,mask_map50_95,fraction,0.5366419441506356,0.5176464087892373,-0.0189955353613983,-3.5397038133989477949684109290127654253235275856431,-1.8995535361398300
YOLOv9,YOLOv9e-Seg,YOLOv9c-Seg,largest,second_largest,ap50,fraction,0.8820368560899167,0.85541398841877,-0.0266228676711467,-3.0183395951464310059681870109582590038525210023971,-2.6622867671146700
YOLOv9,YOLOv9e-Seg,YOLOv9c-Seg,largest,second_largest,ap75,fraction,0.5720999620827557,0.5591798822616316,-0.0129200798211241,-2.2583605449103626968140953971454061476453199143322,-1.2920079821124100
YOLOv9,YOLOv9e-Seg,YOLOv9c-Seg,largest,second_largest,recall,fraction,0.8265784189782107,0.8029300215661486,-0.0236483974120621,-2.8609986504723263987064446472069510132605898796315,-2.3648397412062100
YOLOv9,YOLOv9e-Seg,YOLOv9c-Seg,largest,second_largest,f1,fraction,0.8771133776559017,0.8569557711768557,-0.0201576064790460,-2.2981756968429209734217102250021270015515022706882,-2.0157606479046000
YOLOv9,YOLOv9e-Seg,YOLOv9c-Seg,largest,second_largest,inference_ms_mean,ms/frame,65.8879176088764,35.292866125625245,-30.595051483251155,-46.434995358131335254145033349029489224298608609379,
YOLOv9,YOLOv9e-Seg,YOLOv9c-Seg,largest,second_largest,pipeline_ms_mean,ms/frame,103.37558938772418,76.92052417007896,-26.45506521764522,-25.591211014451300434330791471141702787304937367646,
YOLOv9,YOLOv9e-Seg,YOLOv9c-Seg,largest,second_largest,fps,frames/s,9.67346358964266,13.000431429573986,3.326967839931326,34.392726132690441723806147333168893303089857635255,
YOLOv9,YOLOv9e-Seg,YOLOv9c-Seg,largest,second_largest,peak_allocated_vram_mib,MiB,855.4072265625,838.4853515625,-16.9218750000,-1.9782244613482476479472838800050688576918203021450,
YOLOv9,YOLOv9e-Seg,YOLOv9c-Seg,largest,second_largest,parameters,count,60512800,27897120,-32615680,-53.898811491122539363572665617852751814492140505810,
YOLOv9,YOLOv9e-Seg,YOLOv9c-Seg,largest,second_largest,checkpoint_mb,MB,122.212466,56.470235,-65.742231,-53.793392075076858362386697933089738979655316013344,
