tier,metric,direction,model,checkpoint,value,unit
largest,mask_map50_95,max,YOLO26x-Seg,yolo26x-seg.pt,0.6037298757352638,fraction
largest,ap75,max,YOLO26x-Seg,yolo26x-seg.pt,0.6644261043391709,fraction
largest,recall,max,YOLO26x-Seg,yolo26x-seg.pt,0.8462854168215959,fraction
largest,inference_ms_mean,min,YOLOv9e-Seg,yolov9e-seg.pt,65.8879176088764,ms/frame
largest,pipeline_ms_mean,min,YOLOv9e-Seg,yolov9e-seg.pt,103.37558938772418,ms/frame
largest,fps,max,YOLOv9e-Seg,yolov9e-seg.pt,9.67346358964266,frames/s
largest,peak_allocated_vram_mib,min,YOLOv9e-Seg,yolov9e-seg.pt,855.4072265625,MiB
second_largest,mask_map50_95,max,YOLO26l-Seg,yolo26l-seg.pt,0.5862366580892475,fraction
second_largest,ap75,max,YOLO26l-Seg,yolo26l-seg.pt,0.6435370937329495,fraction
second_largest,recall,max,YOLO26l-Seg,yolo26l-seg.pt,0.8343868520859671,fraction
second_largest,inference_ms_mean,min,YOLOv9c-Seg,yolov9c-seg.pt,35.292866125625245,ms/frame
second_largest,pipeline_ms_mean,min,YOLO26l-Seg,yolo26l-seg.pt,76.40285129503657,ms/frame
second_largest,fps,max,YOLO26l-Seg,yolo26l-seg.pt,13.088516764098356,frames/s
second_largest,peak_allocated_vram_mib,min,YOLO26l-Seg,yolo26l-seg.pt,777.52001953125,MiB
medium,mask_map50_95,max,YOLO26m-Seg,yolo26m-seg.pt,0.5742218072723807,fraction
medium,ap75,max,YOLO26m-Seg,yolo26m-seg.pt,0.62903846570279,fraction
medium,recall,max,YOLO26m-Seg,yolo26m-seg.pt,0.8153119654941623,fraction
medium,inference_ms_mean,min,YOLOv8m-Seg,yolov8m-seg.pt,27.231897604263697,ms/frame
medium,pipeline_ms_mean,min,YOLO11m-Seg,yolo11m-seg.pt,76.97128645920505,ms/frame
medium,fps,max,YOLO11m-Seg,yolo11m-seg.pt,12.991857691374332,frames/s
medium,peak_allocated_vram_mib,min,YOLO11m-Seg,yolo11m-seg.pt,889.384765625,MiB
small,mask_map50_95,max,YOLO26s-Seg,yolo26s-seg.pt,0.5366399393629823,fraction
small,ap75,max,YOLO26s-Seg,yolo26s-seg.pt,0.5867955790478256,fraction
small,recall,max,YOLO26s-Seg,yolo26s-seg.pt,0.789581319253365,fraction
small,inference_ms_mean,min,YOLOv8s-Seg,yolov8s-seg.pt,15.220344315748662,ms/frame
small,pipeline_ms_mean,min,YOLO26s-Seg,yolo26s-seg.pt,78.8279549816313,ms/frame
small,fps,max,YOLO26s-Seg,yolo26s-seg.pt,12.685854913184324,frames/s
small,peak_allocated_vram_mib,min,YOLO26s-Seg,yolo26s-seg.pt,872.671875,MiB
nano,mask_map50_95,max,YOLO26n-Seg,yolo26n-seg.pt,0.47269783674692284,fraction
nano,ap75,max,YOLO26n-Seg,yolo26n-seg.pt,0.5067662348681301,fraction
nano,recall,max,YOLOv8n-Seg,yolov8n-seg.pt,0.696921246374656,fraction
nano,inference_ms_mean,min,YOLOv8n-Seg,yolov8n-seg.pt,9.045145171694458,ms/frame
nano,pipeline_ms_mean,min,YOLO26n-Seg,yolo26n-seg.pt,82.39024182548746,ms/frame
nano,fps,max,YOLO26n-Seg,yolo26n-seg.pt,12.137359690218187,frames/s
nano,peak_allocated_vram_mib,min,YOLO11n-Seg,yolo11n-seg.pt,1030.0,MiB
