study_id,schema_version,experiment,tier,family,model,stage,mean_ms,median_ms,std_ms,p50_ms,p95_ms,repetitions,measured_frames,contamination_status
yolo_instance_segmentation_mots20_scaling,1.0,YOLO_Large_Seg_MOTS20_Benchmark,largest,YOLO26,YOLO26x-Seg,preprocessing,1.7167626899511863,1.892169937491417,0.464661784295447,1.892169937491417,2.2339110146276653,3,300,CLEAN
yolo_instance_segmentation_mots20_scaling,1.0,YOLO_Large_Seg_MOTS20_Benchmark,largest,YOLO26,YOLO26x-Seg,inference,72.45824582952385,72.41080002859235,2.948514540295626,72.41080002859235,77.5124221923761,3,300,CLEAN
yolo_instance_segmentation_mots20_scaling,1.0,YOLO_Large_Seg_MOTS20_Benchmark,largest,YOLO26,YOLO26x-Seg,postprocessing,35.46362601841489,34.887362038716674,21.141890684377817,34.887362038716674,68.0255068873521,3,300,CLEAN
yolo_instance_segmentation_mots20_scaling,1.0,YOLO_Large_Seg_MOTS20_Benchmark,largest,YOLO26,YOLO26x-Seg,pipeline,109.63863453788993,108.25321997981519,20.387884384645993,108.25321997981519,141.45580357289873,3,300,CLEAN
yolo_instance_segmentation_mots20_scaling,1.0,YOLO_Large_Seg_MOTS20_Benchmark,largest,YOLO26,YOLO26x-Seg,rle_preparation,205.00718040120168,193.09201394207776,135.15159051464005,193.09201394207776,414.7693427628838,3,300,CLEAN
yolo_instance_segmentation_mots20_scaling,1.0,YOLO_Large_Seg_MOTS20_Benchmark,largest,YOLO26,YOLO26x-Seg,ultralytics_postprocess_inclusive,25.006894808805857,24.514787015505135,14.690059514788578,24.514787015505135,47.82624538638629,3,300,CLEAN
yolo_instance_segmentation_mots20_scaling,1.0,YOLO_Large_Seg_MOTS20_Benchmark,largest,YOLO11,YOLO11x-Seg,preprocessing,1.6817618914258976,1.8771104514598846,0.4463950470803504,1.8771104514598846,2.152429352281615,3,300,CLEAN
yolo_instance_segmentation_mots20_scaling,1.0,YOLO_Large_Seg_MOTS20_Benchmark,largest,YOLO11,YOLO11x-Seg,inference,69.40603260455343,69.32149745989591,2.5951518051472395,69.32149745989591,73.66367133217864,3,300,CLEAN
yolo_instance_segmentation_mots20_scaling,1.0,YOLO_Large_Seg_MOTS20_Benchmark,largest,YOLO11,YOLO11x-Seg,postprocessing,34.79739082239879,35.06641200510785,20.684807773726153,35.06641200510785,66.8228063150309,3,300,CLEAN
yolo_instance_segmentation_mots20_scaling,1.0,YOLO_Large_Seg_MOTS20_Benchmark,largest,YOLO11,YOLO11x-Seg,pipeline,105.8851853183781,105.7572599966079,19.95579777841518,105.7572599966079,137.07756671356037,3,300,CLEAN
yolo_instance_segmentation_mots20_scaling,1.0,YOLO_Large_Seg_MOTS20_Benchmark,largest,YOLO11,YOLO11x-Seg,rle_preparation,195.78215693084834,196.3893930078484,124.5069363472894,196.3893930078484,395.22712748730555,3,300,CLEAN
yolo_instance_segmentation_mots20_scaling,1.0,YOLO_Large_Seg_MOTS20_Benchmark,largest,YOLO11,YOLO11x-Seg,ultralytics_postprocess_inclusive,24.32377590991867,24.613763962406665,13.921723213171969,24.613763962406665,46.90536530688405,3,300,CLEAN
yolo_instance_segmentation_mots20_scaling,1.0,YOLO_Large_Seg_MOTS20_Benchmark,largest,YOLOv9,YOLOv9e-Seg,preprocessing,1.6976542592359085,1.882335520349443,0.4473808885507152,1.882335520349443,2.133987337583676,3,300,CLEAN
yolo_instance_segmentation_mots20_scaling,1.0,YOLO_Large_Seg_MOTS20_Benchmark,largest,YOLOv9,YOLOv9e-Seg,inference,65.8879176088764,65.47189352568239,1.7955623659753566,65.47189352568239,69.70694710616954,3,300,CLEAN
yolo_instance_segmentation_mots20_scaling,1.0,YOLO_Large_Seg_MOTS20_Benchmark,largest,YOLOv9,YOLOv9e-Seg,postprocessing,35.790017519611865,37.73311199620366,19.837235940943273,37.73311199620366,62.16129051172175,3,300,CLEAN
yolo_instance_segmentation_mots20_scaling,1.0,YOLO_Large_Seg_MOTS20_Benchmark,largest,YOLOv9,YOLOv9e-Seg,pipeline,103.37558938772418,105.37048644619063,19.104957169023557,105.37048644619063,129.47158256429248,3,300,CLEAN
yolo_instance_segmentation_mots20_scaling,1.0,YOLO_Large_Seg_MOTS20_Benchmark,largest,YOLOv9,YOLOv9e-Seg,rle_preparation,215.13600670848973,231.61909345071763,131.79509158877772,231.61909345071763,394.28571080206893,3,300,CLEAN
yolo_instance_segmentation_mots20_scaling,1.0,YOLO_Large_Seg_MOTS20_Benchmark,largest,YOLOv9,YOLOv9e-Seg,ultralytics_postprocess_inclusive,24.84472477498154,26.218582992441952,13.586228089396748,26.218582992441952,42.941240477375686,3,300,CLEAN
yolo_instance_segmentation_mots20_scaling,1.0,YOLO_Large_Seg_MOTS20_Benchmark,largest,YOLOv8,YOLOv8x-Seg,preprocessing,1.7109290533699095,1.8951594829559326,0.4484185990893131,1.8951594829559326,2.155718789435924,3,300,CLEAN
yolo_instance_segmentation_mots20_scaling,1.0,YOLO_Large_Seg_MOTS20_Benchmark,largest,YOLOv8,YOLOv8x-Seg,inference,67.84281638412115,67.54667102359235,2.9995559670758762,67.54667102359235,73.06390318553895,3,300,CLEAN
yolo_instance_segmentation_mots20_scaling,1.0,YOLO_Large_Seg_MOTS20_Benchmark,largest,YOLOv8,YOLOv8x-Seg,postprocessing,39.887478031062834,41.12596053164452,22.6437704207964,41.12596053164452,72.27991710533388,3,300,CLEAN
yolo_instance_segmentation_mots20_scaling,1.0,YOLO_Large_Seg_MOTS20_Benchmark,largest,YOLOv8,YOLOv8x-Seg,pipeline,109.4412234685539,111.60842649405822,21.768410913994373,111.60842649405822,141.43426650553013,3,300,CLEAN
yolo_instance_segmentation_mots20_scaling,1.0,YOLO_Large_Seg_MOTS20_Benchmark,largest,YOLOv8,YOLOv8x-Seg,rle_preparation,232.7185331750661,240.9210245241411,144.79963841931664,240.9210245241411,449.3927799689118,3,300,CLEAN
yolo_instance_segmentation_mots20_scaling,1.0,YOLO_Large_Seg_MOTS20_Benchmark,largest,YOLOv8,YOLOv8x-Seg,ultralytics_postprocess_inclusive,28.017258798936382,29.072825505863875,15.507438386911957,29.072825505863875,50.353212567279115,3,300,CLEAN
yolo_instance_segmentation_mots20_scaling,1.0,YOLO_Second_Largest_Seg_MOTS20_Benchmark,second_largest,YOLO26,YOLO26l-Seg,preprocessing,1.6538919694721699,1.843125035520643,0.43991764629798974,1.843125035520643,2.1120677643921226,3,300,CLEAN
yolo_instance_segmentation_mots20_scaling,1.0,YOLO_Second_Largest_Seg_MOTS20_Benchmark,second_largest,YOLO26,YOLO26l-Seg,inference,36.26607983993987,34.12195201963186,5.874376172490182,34.12195201963186,47.13845005608164,3,300,CLEAN
yolo_instance_segmentation_mots20_scaling,1.0,YOLO_Second_Largest_Seg_MOTS20_Benchmark,second_largest,YOLO26,YOLO26l-Seg,postprocessing,38.48287948562453,40.36969703156501,22.79994468356705,40.36969703156501,69.24873606767508,3,300,CLEAN
yolo_instance_segmentation_mots20_scaling,1.0,YOLO_Second_Largest_Seg_MOTS20_Benchmark,second_largest,YOLO26,YOLO26l-Seg,pipeline,76.40285129503657,83.00574152963236,24.897219810659408,83.00574152963236,112.61516147060321,3,300,CLEAN
yolo_instance_segmentation_mots20_scaling,1.0,YOLO_Second_Largest_Seg_MOTS20_Benchmark,second_largest,YOLO26,YOLO26l-Seg,rle_preparation,230.0581656047143,240.0258770212531,140.70974587156948,240.0258770212531,431.67478109826334,3,300,CLEAN
yolo_instance_segmentation_mots20_scaling,1.0,YOLO_Second_Largest_Seg_MOTS20_Benchmark,second_largest,YOLO26,YOLO26l-Seg,ultralytics_postprocess_inclusive,25.740381318998214,27.633343532215804,14.298416042798964,27.633343532215804,45.60665887547657,3,300,CLEAN
yolo_instance_segmentation_mots20_scaling,1.0,YOLO_Second_Largest_Seg_MOTS20_Benchmark,second_largest,YOLO11,YOLO11l-Seg,preprocessing,1.714808688654254,1.8833440262824297,0.4410893433391332,1.8833440262824297,2.217101096175611,3,300,CLEAN
yolo_instance_segmentation_mots20_scaling,1.0,YOLO_Second_Largest_Seg_MOTS20_Benchmark,second_largest,YOLO11,YOLO11l-Seg,inference,35.38676935752543,33.70774147333577,6.299670575112987,33.70774147333577,48.40558917494491,3,300,CLEAN
yolo_instance_segmentation_mots20_scaling,1.0,YOLO_Second_Largest_Seg_MOTS20_Benchmark,second_largest,YOLO11,YOLO11l-Seg,postprocessing,39.70879193240156,40.109286026563495,23.314162331436993,40.109286026563495,70.72542901732965,3,300,CLEAN
yolo_instance_segmentation_mots20_scaling,1.0,YOLO_Second_Largest_Seg_MOTS20_Benchmark,second_largest,YOLO11,YOLO11l-Seg,pipeline,76.81036997858125,80.93264896888286,24.863419723016005,80.93264896888286,116.72498124535197,3,300,CLEAN
yolo_instance_segmentation_mots20_scaling,1.0,YOLO_Second_Largest_Seg_MOTS20_Benchmark,second_largest,YOLO11,YOLO11l-Seg,rle_preparation,242.01322626206093,248.21168644120917,148.78593516548733,248.21168644120917,461.9431865401566,3,300,CLEAN
yolo_instance_segmentation_mots20_scaling,1.0,YOLO_Second_Largest_Seg_MOTS20_Benchmark,second_largest,YOLO11,YOLO11l-Seg,ultralytics_postprocess_inclusive,26.433026877542336,27.613975515123457,14.344766679322518,27.613975515123457,46.66803495492786,3,300,CLEAN
yolo_instance_segmentation_mots20_scaling,1.0,YOLO_Second_Largest_Seg_MOTS20_Benchmark,second_largest,YOLOv9,YOLOv9c-Seg,preprocessing,1.689953871925051,1.8767444416880608,0.4624839091218832,1.8767444416880608,2.1780948562081903,3,300,CLEAN
yolo_instance_segmentation_mots20_scaling,1.0,YOLO_Second_Largest_Seg_MOTS20_Benchmark,second_largest,YOLOv9,YOLOv9c-Seg,inference,35.292866125625245,33.58535701408982,5.3396625374436555,33.58535701408982,45.630718482425436,3,300,CLEAN
yolo_instance_segmentation_mots20_scaling,1.0,YOLO_Second_Largest_Seg_MOTS20_Benchmark,second_largest,YOLOv9,YOLOv9c-Seg,postprocessing,39.93770417252866,43.268819514196366,22.892057929074344,43.268819514196366,71.63111632689834,3,300,CLEAN
yolo_instance_segmentation_mots20_scaling,1.0,YOLO_Second_Largest_Seg_MOTS20_Benchmark,second_largest,YOLOv9,YOLOv9c-Seg,pipeline,76.92052417007896,84.04895506100729,24.765228835080332,84.04895506100729,108.10572865302674,3,300,CLEAN
yolo_instance_segmentation_mots20_scaling,1.0,YOLO_Second_Largest_Seg_MOTS20_Benchmark,second_largest,YOLOv9,YOLOv9c-Seg,rle_preparation,254.25734916119836,268.7726200092584,157.32026571740053,268.7726200092584,483.9225830393844,3,300,CLEAN
yolo_instance_segmentation_mots20_scaling,1.0,YOLO_Second_Largest_Seg_MOTS20_Benchmark,second_largest,YOLOv9,YOLOv9c-Seg,ultralytics_postprocess_inclusive,27.285280815170456,30.122312484309077,15.465957507428715,30.122312484309077,48.579893133137375,3,300,CLEAN
yolo_instance_segmentation_mots20_scaling,1.0,YOLO_Second_Largest_Seg_MOTS20_Benchmark,second_largest,YOLOv8,YOLOv8l-Seg,preprocessing,1.720575458991031,1.8749055452644825,0.48374394446833935,1.8749055452644825,2.2516064636874944,3,300,CLEAN
yolo_instance_segmentation_mots20_scaling,1.0,YOLO_Second_Largest_Seg_MOTS20_Benchmark,second_largest,YOLOv8,YOLOv8l-Seg,inference,40.08965912469042,39.28218950750306,3.664784761729976,39.28218950750306,47.01051825541072,3,300,CLEAN
yolo_instance_segmentation_mots20_scaling,1.0,YOLO_Second_Largest_Seg_MOTS20_Benchmark,second_largest,YOLOv8,YOLOv8l-Seg,postprocessing,41.748093692585826,44.041518471203744,24.553277619923858,44.041518471203744,72.17396075720899,3,300,CLEAN
yolo_instance_segmentation_mots20_scaling,1.0,YOLO_Second_Largest_Seg_MOTS20_Benchmark,second_largest,YOLOv8,YOLOv8l-Seg,pipeline,83.55832827626728,87.01706898864359,24.601185073850125,87.01706898864359,112.77146650827491,3,300,CLEAN
yolo_instance_segmentation_mots20_scaling,1.0,YOLO_Second_Largest_Seg_MOTS20_Benchmark,second_largest,YOLOv8,YOLOv8l-Seg,rle_preparation,259.78774997444515,290.43784347595647,158.483933596191,290.43784347595647,474.0333844732959,3,300,CLEAN
yolo_instance_segmentation_mots20_scaling,1.0,YOLO_Second_Largest_Seg_MOTS20_Benchmark,second_largest,YOLOv8,YOLOv8l-Seg,ultralytics_postprocess_inclusive,28.313252153651167,30.377605464309454,15.796394924466728,30.377605464309454,49.802154349163175,3,300,CLEAN
yolo_instance_segmentation_mots20_scaling,1.0,YOLO_Medium_Seg_MOTS20_Benchmark,medium,YOLO26,YOLO26m-Seg,preprocessing,1.7064105222622554,1.879606454167515,0.4418660151250035,1.879606454167515,2.1031146228779107,3,300,CLEAN
yolo_instance_segmentation_mots20_scaling,1.0,YOLO_Medium_Seg_MOTS20_Benchmark,medium,YOLO26,YOLO26m-Seg,inference,32.043173607283585,30.331371002830565,5.818028492305236,30.331371002830565,43.42693876824342,3,300,CLEAN
yolo_instance_segmentation_mots20_scaling,1.0,YOLO_Medium_Seg_MOTS20_Benchmark,medium,YOLO26,YOLO26m-Seg,postprocessing,43.559814282149695,44.810910476371646,26.127613135022532,44.810910476371646,85.61337956925856,3,300,CLEAN
yolo_instance_segmentation_mots20_scaling,1.0,YOLO_Medium_Seg_MOTS20_Benchmark,medium,YOLO26,YOLO26m-Seg,pipeline,77.30939841169554,82.41300308145583,28.462276081754926,82.41300308145583,121.9345437071752,3,300,CLEAN
yolo_instance_segmentation_mots20_scaling,1.0,YOLO_Medium_Seg_MOTS20_Benchmark,medium,YOLO26,YOLO26m-Seg,rle_preparation,261.5913712027638,273.37424404686317,161.9905568678041,273.37424404686317,494.1031632421073,3,300,CLEAN
yolo_instance_segmentation_mots20_scaling,1.0,YOLO_Medium_Seg_MOTS20_Benchmark,medium,YOLO26,YOLO26m-Seg,ultralytics_postprocess_inclusive,29.20853093538123,31.186289503239095,16.584346411671973,31.186289503239095,51.43621666356921,3,300,CLEAN
yolo_instance_segmentation_mots20_scaling,1.0,YOLO_Medium_Seg_MOTS20_Benchmark,medium,YOLO11,YOLO11m-Seg,preprocessing,1.7337930866051465,1.9135699840262532,0.44321742174320006,1.9135699840262532,2.171602169983089,3,300,CLEAN
yolo_instance_segmentation_mots20_scaling,1.0,YOLO_Medium_Seg_MOTS20_Benchmark,medium,YOLO11,YOLO11m-Seg,inference,30.573980881211657,29.61172250797972,6.029427121375466,29.61172250797972,42.173347825882956,3,300,CLEAN
yolo_instance_segmentation_mots20_scaling,1.0,YOLO_Medium_Seg_MOTS20_Benchmark,medium,YOLO11,YOLO11m-Seg,postprocessing,44.663512491388246,46.625129529275,26.54557447268633,46.625129529275,82.68441961845383,3,300,CLEAN
yolo_instance_segmentation_mots20_scaling,1.0,YOLO_Medium_Seg_MOTS20_Benchmark,medium,YOLO11,YOLO11m-Seg,pipeline,76.97128645920505,81.73053350765258,28.594280103934004,81.73053350765258,119.96083083213307,3,300,CLEAN
yolo_instance_segmentation_mots20_scaling,1.0,YOLO_Medium_Seg_MOTS20_Benchmark,medium,YOLO11,YOLO11m-Seg,rle_preparation,278.8665926103325,290.9463800024241,177.73247038512915,290.9463800024241,540.0376738456545,3,300,CLEAN
yolo_instance_segmentation_mots20_scaling,1.0,YOLO_Medium_Seg_MOTS20_Benchmark,medium,YOLO11,YOLO11m-Seg,ultralytics_postprocess_inclusive,30.463685055729,31.757974007632583,17.701787955276128,31.757974007632583,55.82201147917659,3,300,CLEAN
yolo_instance_segmentation_mots20_scaling,1.0,YOLO_Medium_Seg_MOTS20_Benchmark,medium,YOLOv8,YOLOv8m-Seg,preprocessing,1.7313925091487665,1.9041895284317434,0.44841129872218044,1.9041895284317434,2.1931472583673894,3,300,CLEAN
yolo_instance_segmentation_mots20_scaling,1.0,YOLO_Medium_Seg_MOTS20_Benchmark,medium,YOLOv8,YOLOv8m-Seg,inference,27.231897604263697,25.64316103234887,5.269726593267365,25.64316103234887,37.03259018366225,3,300,CLEAN
yolo_instance_segmentation_mots20_scaling,1.0,YOLO_Medium_Seg_MOTS20_Benchmark,medium,YOLOv8,YOLOv8m-Seg,postprocessing,49.1483058341934,53.51090751355514,28.748924391127016,53.51090751355514,88.2739199558273,3,300,CLEAN
yolo_instance_segmentation_mots20_scaling,1.0,YOLO_Medium_Seg_MOTS20_Benchmark,medium,YOLOv8,YOLOv8m-Seg,pipeline,78.11159594760586,82.74364948738366,30.63002097033199,82.74364948738366,124.64249477488922,3,300,CLEAN
yolo_instance_segmentation_mots20_scaling,1.0,YOLO_Medium_Seg_MOTS20_Benchmark,medium,YOLOv8,YOLOv8m-Seg,rle_preparation,312.8794395488997,346.60406498005614,189.99714901034162,346.60406498005614,563.6486312781926,3,300,CLEAN
yolo_instance_segmentation_mots20_scaling,1.0,YOLO_Medium_Seg_MOTS20_Benchmark,medium,YOLOv8,YOLOv8m-Seg,ultralytics_postprocess_inclusive,33.070806162819885,36.67128650704399,18.663319374671456,36.67128650704399,57.97739961417394,3,300,CLEAN
yolo_instance_segmentation_mots20_scaling,1.0,YOLO_Small_Seg_MOTS20_Benchmark,small,YOLO26,YOLO26s-Seg,preprocessing,1.7094929873322446,1.893004053272307,0.4516336068009843,1.893004053272307,2.1561898407526314,3,300,CLEAN
yolo_instance_segmentation_mots20_scaling,1.0,YOLO_Small_Seg_MOTS20_Benchmark,small,YOLO26,YOLO26s-Seg,inference,17.308160424387705,16.59813546575606,3.031752527800076,16.59813546575606,21.738909382838756,3,300,CLEAN
yolo_instance_segmentation_mots20_scaling,1.0,YOLO_Small_Seg_MOTS20_Benchmark,small,YOLO26,YOLO26s-Seg,postprocessing,59.81030156991134,54.4387164991349,38.74663055898153,54.4387164991349,117.43728776928037,3,300,CLEAN
yolo_instance_segmentation_mots20_scaling,1.0,YOLO_Small_Seg_MOTS20_Benchmark,small,YOLO26,YOLO26s-Seg,pipeline,78.8279549816313,77.7863385155797,39.234149906701575,77.7863385155797,135.91002833563834,3,300,CLEAN
yolo_instance_segmentation_mots20_scaling,1.0,YOLO_Small_Seg_MOTS20_Benchmark,small,YOLO26,YOLO26s-Seg,rle_preparation,279.9558118792872,279.32096051517874,173.199175214057,279.32096051517874,523.7185609526932,3,300,CLEAN
yolo_instance_segmentation_mots20_scaling,1.0,YOLO_Small_Seg_MOTS20_Benchmark,small,YOLO26,YOLO26s-Seg,ultralytics_postprocess_inclusive,36.13025604514405,39.72686000633985,20.134599143861895,39.72686000633985,61.39055057428778,3,300,CLEAN
yolo_instance_segmentation_mots20_scaling,1.0,YOLO_Small_Seg_MOTS20_Benchmark,small,YOLO11,YOLO11s-Seg,preprocessing,1.699525356137504,1.8858154071494937,0.43707006185601155,1.8858154071494937,2.1948228706605732,3,300,CLEAN
yolo_instance_segmentation_mots20_scaling,1.0,YOLO_Small_Seg_MOTS20_Benchmark,small,YOLO11,YOLO11s-Seg,inference,15.69301294706141,15.63326793257147,2.5359419928148834,15.63326793257147,20.28060957090929,3,300,CLEAN
yolo_instance_segmentation_mots20_scaling,1.0,YOLO_Small_Seg_MOTS20_Benchmark,small,YOLO11,YOLO11s-Seg,postprocessing,71.44340980254735,69.11362893879414,43.567624627165415,69.11362893879414,130.37049974082038,3,300,CLEAN
yolo_instance_segmentation_mots20_scaling,1.0,YOLO_Small_Seg_MOTS20_Benchmark,small,YOLO11,YOLO11s-Seg,pipeline,88.83594810574625,89.39334645401686,44.03523386566499,89.39334645401686,149.2606588639319,3,300,CLEAN
yolo_instance_segmentation_mots20_scaling,1.0,YOLO_Small_Seg_MOTS20_Benchmark,small,YOLO11,YOLO11s-Seg,rle_preparation,330.74381207504,362.5242691487074,190.0126633233402,362.5242691487074,574.463672703132,3,300,CLEAN
yolo_instance_segmentation_mots20_scaling,1.0,YOLO_Small_Seg_MOTS20_Benchmark,small,YOLO11,YOLO11s-Seg,ultralytics_postprocess_inclusive,41.56271532876417,47.66760300844908,22.51867412817812,47.66760300844908,71.28422604873776,3,300,CLEAN
yolo_instance_segmentation_mots20_scaling,1.0,YOLO_Small_Seg_MOTS20_Benchmark,small,YOLOv8,YOLOv8s-Seg,preprocessing,1.6976274029972653,1.8954984843730927,0.4620089971541667,1.8954984843730927,2.065110253170133,3,300,CLEAN
yolo_instance_segmentation_mots20_scaling,1.0,YOLO_Small_Seg_MOTS20_Benchmark,small,YOLOv8,YOLOv8s-Seg,inference,15.220344315748662,15.193763421848416,2.615404290028353,15.193763421848416,20.60093370964751,3,300,CLEAN
yolo_instance_segmentation_mots20_scaling,1.0,YOLO_Small_Seg_MOTS20_Benchmark,small,YOLOv8,YOLOv8s-Seg,postprocessing,75.25520379965504,92.95172162819654,45.335597494433216,92.95172162819654,132.17606358230117,3,300,CLEAN
yolo_instance_segmentation_mots20_scaling,1.0,YOLO_Small_Seg_MOTS20_Benchmark,small,YOLOv8,YOLOv8s-Seg,pipeline,92.17317551840097,108.00483892671764,45.83573678092797,108.00483892671764,150.89658562792465,3,300,CLEAN
yolo_instance_segmentation_mots20_scaling,1.0,YOLO_Small_Seg_MOTS20_Benchmark,small,YOLOv8,YOLOv8s-Seg,rle_preparation,344.7054569857816,409.55946350004524,196.71167821817045,409.55946350004524,581.4450345817022,3,300,CLEAN
yolo_instance_segmentation_mots20_scaling,1.0,YOLO_Small_Seg_MOTS20_Benchmark,small,YOLOv8,YOLOv8s-Seg,ultralytics_postprocess_inclusive,42.321817214445524,49.10022101830691,23.453257585467412,49.10022101830691,70.16095434082673,3,300,CLEAN
yolo_instance_segmentation_mots20_scaling,1.0,YOLO_Nano_Seg_MOTS20_Benchmark,nano,YOLO26,YOLO26n-Seg,preprocessing,1.7204084806144238,1.9136319169774652,0.4188978635564268,1.9136319169774652,2.060406841337681,3,300,CLEAN
yolo_instance_segmentation_mots20_scaling,1.0,YOLO_Nano_Seg_MOTS20_Benchmark,nano,YOLO26,YOLO26n-Seg,inference,13.042352374177426,12.47522048652172,1.6301351575222396,12.47522048652172,17.24282803479582,3,300,CLEAN
yolo_instance_segmentation_mots20_scaling,1.0,YOLO_Nano_Seg_MOTS20_Benchmark,nano,YOLO26,YOLO26n-Seg,postprocessing,67.62748097069561,74.00485058315098,39.06702936243272,74.00485058315098,126.17869265377523,3,300,CLEAN
yolo_instance_segmentation_mots20_scaling,1.0,YOLO_Nano_Seg_MOTS20_Benchmark,nano,YOLO26,YOLO26n-Seg,pipeline,82.39024182548746,88.50738988257945,39.41461393268789,88.50738988257945,142.7204187377356,3,300,CLEAN
yolo_instance_segmentation_mots20_scaling,1.0,YOLO_Nano_Seg_MOTS20_Benchmark,nano,YOLO26,YOLO26n-Seg,rle_preparation,336.79068337349844,382.9226299421862,188.58766845989825,382.9226299421862,566.0892550251448,3,300,CLEAN
yolo_instance_segmentation_mots20_scaling,1.0,YOLO_Nano_Seg_MOTS20_Benchmark,nano,YOLO26,YOLO26n-Seg,ultralytics_postprocess_inclusive,45.104834841719516,52.94862063601613,23.679936103561825,52.94862063601613,72.56506824633107,3,300,CLEAN
yolo_instance_segmentation_mots20_scaling,1.0,YOLO_Nano_Seg_MOTS20_Benchmark,nano,YOLO11,YOLO11n-Seg,preprocessing,1.7532406064371269,1.917006098665297,0.4165989077842692,1.917006098665297,2.228018455207348,3,300,CLEAN
yolo_instance_segmentation_mots20_scaling,1.0,YOLO_Nano_Seg_MOTS20_Benchmark,nano,YOLO11,YOLO11n-Seg,inference,11.745314888345698,10.7155735604465,1.910062053190637,10.7155735604465,15.275353041943164,3,300,CLEAN
yolo_instance_segmentation_mots20_scaling,1.0,YOLO_Nano_Seg_MOTS20_Benchmark,nano,YOLO11,YOLO11n-Seg,postprocessing,83.94213349092752,84.01242888066918,47.86479940389423,84.01242888066918,152.37505974946544,3,300,CLEAN
yolo_instance_segmentation_mots20_scaling,1.0,YOLO_Nano_Seg_MOTS20_Benchmark,nano,YOLO11,YOLO11n-Seg,pipeline,97.44068898571034,96.74013243056834,47.92414336679809,96.74013243056834,165.0140923447907,3,300,CLEAN
yolo_instance_segmentation_mots20_scaling,1.0,YOLO_Nano_Seg_MOTS20_Benchmark,nano,YOLO11,YOLO11n-Seg,rle_preparation,409.8597890635331,492.6909350324422,213.81712249985478,492.6909350324422,662.3997582355514,3,300,CLEAN
yolo_instance_segmentation_mots20_scaling,1.0,YOLO_Nano_Seg_MOTS20_Benchmark,nano,YOLO11,YOLO11n-Seg,ultralytics_postprocess_inclusive,48.733119318106525,55.54829549510032,24.28563385830828,55.54829549510032,80.8236840297468,3,300,CLEAN
yolo_instance_segmentation_mots20_scaling,1.0,YOLO_Nano_Seg_MOTS20_Benchmark,nano,YOLOv8,YOLOv8n-Seg,preprocessing,1.726164457698663,1.9071720307692885,0.41618723694567544,1.9071720307692885,2.119147672783584,3,300,CLEAN
yolo_instance_segmentation_mots20_scaling,1.0,YOLO_Nano_Seg_MOTS20_Benchmark,nano,YOLOv8,YOLOv8n-Seg,inference,9.045145171694458,8.450820459984243,1.5089949629718362,8.450820459984243,12.069244438316673,3,300,CLEAN
yolo_instance_segmentation_mots20_scaling,1.0,YOLO_Nano_Seg_MOTS20_Benchmark,nano,YOLOv8,YOLOv8n-Seg,postprocessing,84.91122325727095,84.3295210506767,48.92970992269078,84.3295210506767,155.84809582214805,3,300,CLEAN
yolo_instance_segmentation_mots20_scaling,1.0,YOLO_Nano_Seg_MOTS20_Benchmark,nano,YOLOv8,YOLOv8n-Seg,pipeline,95.68253288666408,95.22175346501172,48.74318987364973,95.22175346501172,166.2656773347408,3,300,CLEAN
yolo_instance_segmentation_mots20_scaling,1.0,YOLO_Nano_Seg_MOTS20_Benchmark,nano,YOLOv8,YOLOv8n-Seg,rle_preparation,405.9911046254759,485.96106143668294,217.48324942804135,485.96106143668294,667.8040885482915,3,300,CLEAN
yolo_instance_segmentation_mots20_scaling,1.0,YOLO_Nano_Seg_MOTS20_Benchmark,nano,YOLOv8,YOLOv8n-Seg,ultralytics_postprocess_inclusive,49.303120740223676,56.6288020927459,25.03409848345167,56.6288020927459,80.43202596018091,3,300,CLEAN
