model,tier,family,preprocess_ms,inference_ms,postprocess_ms,pipeline_ms,rle_preparation_ms,ultralytics_postprocess_inclusive_ms,inference_share_pct,postprocess_share_pct,preprocess_share_pct,component_sum_minus_pipeline_ms
YOLO26x-Seg,largest,YOLO26,1.7167626899511863,72.45824582952385,35.46362601841489,109.63863453788993,205.00718040120168,25.006894808805857,66.088241736067099110007058136233630926078135901675,32.345920913634730837484518315474553132481335901981,1.5658373502981666777856211393290406223027376709420,-3.7E-15
YOLO11x-Seg,largest,YOLO11,1.6817618914258976,69.40603260455343,34.79739082239879,105.8851853183781,195.78215693084834,24.32377590991867,65.548388469890019277904727213134877828884395424229,32.863323341947379651885605776237718389143958816611,1.5882881881626176919872528739380604168190366462310,1.76E-14
YOLOv9e-Seg,largest,YOLOv9,1.6976542592359085,65.8879176088764,35.790017519611865,103.37558938772418,215.13600670848973,24.84472477498154,63.736437198684131811995749926822991994149561014078,34.621343134863827692786282418696997547092959804963,1.6422196664520342074666343867511052830579261805483,-6.5E-15
YOLOv8x-Seg,largest,YOLOv8,1.7109290533699095,67.84281638412115,39.887478031062834,109.4412234685539,232.7185331750661,28.017258798936382,61.990184533723387530165166845126935675463698849677,36.446484027587494774123382487738373082494546982010,1.5633314386891117564503623920515996498951220857885,-6.5E-15
YOLO26l-Seg,second_largest,YOLO26,1.6538919694721699,36.26607983993987,38.48287948562453,76.40285129503657,230.0581656047143,25.740381318998214,47.466919395318244251629185376565440399651762784969,50.368381327837341260770822760301194738437225823804,2.1646992768444143567148242221497963910274244424844,-1E-16
YOLO11l-Seg,second_largest,YOLO11,1.714808688654254,35.38676935752543,39.70879193240156,76.81036997858125,242.01322626206093,26.433026877542336,46.070301923286026083709563841190378597622904584210,51.697175711397365775851520155566491182532251608941,2.2325223653166003289936623570050893597974174284691,-6E-15
YOLOv9c-Seg,second_largest,YOLOv9,1.689953871925051,35.292866125625245,39.93770417252866,76.92052417007896,254.25734916119836,27.285280815170456,45.882248601932552816747028748563839312303186028171,51.920738454956973526973257459671705089356833515272,2.1970129431104684561071419621698318969043378799614,-4E-15
YOLOv8l-Seg,second_largest,YOLOv8,1.720575458991031,40.08965912469042,41.748093692585826,83.55832827626728,259.78774997444515,28.313252153651167,47.978053117748786996599822978147643851198781703968,49.962815860263400210020601901299168752697519060353,2.0591310219878092030731844982346185497459586724155,-3E-15
YOLO26m-Seg,medium,YOLO26,1.7064105222622554,32.043173607283585,43.559814282149695,77.30939841169554,261.5913712027638,29.20853093538123,41.447966567588788132260289647366140828973821186650,56.344784951217351780758902058071933342372735120352,2.2072484811938541368633652591991847277966344522565,-4.6E-15
YOLO11m-Seg,medium,YOLO11,1.7337930866051465,30.573980881211657,44.663512491388246,76.97128645920505,278.8665926103325,30.463685055729,39.721280866750140221380197832917786837095277966154,58.026199828503587772224807987177431815388768018541,2.2525193047462713568021096111882477303136151523953,-5E-16
YOLOv8m-Seg,medium,YOLOv8,1.7313925091487665,27.231897604263697,49.1483058341934,78.11159594760586,312.8794395488997,33.070806162819885,34.862810411055698688710826301566433910273116908219,62.920626877423067037363658701648046788422630542067,2.2165627115212387546942888772478573941181160222032,3.5E-15
YOLO26s-Seg,small,YOLO26,1.7094929873322446,17.308160424387705,59.81030156991134,78.8279549816313,279.9558118792872,36.13025604514405,21.956881195790121202828488945811110600280326278709,75.874480802969575647693857391071405547173884278418,2.1686380012402899561885439514223159446479500183971,-1.04E-14
YOLO11s-Seg,small,YOLO11,1.699525356137504,15.69301294706141,71.44340980254735,88.83594810574625,330.74381207504,41.56271532876417,17.665160649134025177583640916005600703285597252029,80.421733910583564892648555976132124324366284110172,1.9131054402824256891538382915474254584692793576351,1.4E-14
YOLOv8s-Seg,small,YOLOv8,1.6976274029972653,15.220344315748662,75.25520379965504,92.17317551840097,344.7054569857816,42.321817214445524,16.512769827171845867383680183066372954263696418485,81.645449857189183273189470989480434467690659195886,1.8417803156389679301581274075362435822529278914804,-2.7E-15
YOLO26n-Seg,nano,YOLO26,1.7204084806144238,13.042352374177426,67.62748097069561,82.39024182548746,336.79068337349844,45.104834841719516,15.829972197196256035539979591908615951536299864092,82.081906148471841240755648386140432980064165317669,2.0881216543319024809571782175872089559321418962511,-2E-16
YOLO11n-Seg,nano,YOLO11,1.7532406064371269,11.745314888345698,83.94213349092752,97.44068898571034,409.8597890635331,48.733119318106525,12.053809358909753167320464487324515414355717814515,86.146900606621961793829491318219368593650919100315,1.7992900344682900675501190867674204839563166244932,4.9E-15
YOLOv8n-Seg,nano,YOLOv8,1.726164457698663,9.045145171694458,84.91122325727095,95.68253288666408,405.9911046254759,49.303120740223676,9.4532877619454625592408803493644934755766372049168,88.742658346898339605948793869332911849973760109337,1.8040538911561884287048136493273486329534402948605,-9E-15
